Date,logreturn,t,variance_garch_t,w,mu,DF,var_garch_t_05,var_garch_t_01,var_garch_t_025,variance_garch_n,var_garch_n_05,var_garch_n_01,var_garch_n_025,var_empiric_01,var_empiric_025,var_empiric_05
09/08/2017,0.0027615809,251,0.0025306922,,0.001885,3,-0.115657788,-0.223352149,-0.156627029,0.0019416576,-0.070594483,-0.100624012,-0.084479583,-0.124690513,-0.097890849,-0.077450234
09/09/2017,-0.076756601,252,0.001990499,,0.001885,3,-0.102360526,-0.197871722,-0.13869503,0.0015215839,-0.062276856,-0.088860233,-0.074568519,-0.124690513,-0.097890849,-0.077450234
09/10/2017,0.0149224565,253,0.0039033345,,0.001885,3,-0.144095225,-0.277844421,-0.194976283,0.002967673,-0.087720878,-0.124846199,-0.104886941,-0.124690513,-0.097890849,-0.077450234
09/11/2017,-0.010477253,254,0.0029784211,,0.001885,3,-0.125632356,-0.242465576,-0.170078215,0.0022767735,-0.076600344,-0.109118215,-0.091636007,-0.124690513,-0.097890849,-0.077450234
09/12/2017,-0.019087675,255,0.0023768603,,0.001885,3,-0.112029283,-0.216399149,-0.151733815,0.0018214985,-0.068315988,-0.097401493,-0.081764589,-0.124690513,-0.097890849,-0.077450234
09/13/2017,-0.006862662,256,0.0021630133,,0.001885,3,-0.106784081,-0.206348209,-0.144660407,0.0015955782,-0.063818419,-0.091040496,-0.076405405,-0.124690513,-0.097890849,-0.077450234
09/14/2017,-0.063041811,257,0.0018857624,,0.001885,3,-0.099580864,-0.192545289,-0.134946522,0.0013351574,-0.058217883,-0.08311955,-0.069731954,-0.118983903,-0.09373753,-0.076756601
09/15/2017,-0.17671167,258,0.0029742907,,0.001885,3,-0.125543909,-0.242296092,-0.169958939,0.0020966093,-0.073431037,-0.104635804,-0.087859545,-0.116060956,-0.083782779,-0.076237143
09/16/2017,0.1283524059,259,0.0134808367,,0.001885,3,-0.269405273,-0.51796555,-0.363962925,0.0103064733,-0.165102111,-0.234287954,-0.197092368,-0.136198441,-0.09373753,-0.076756601
09/17/2017,-0.002822872,260,0.0150977613,,0.001885,3,-0.285214248,-0.548258962,-0.385282089,0.0122510669,-0.180175115,-0.255605991,-0.215052959,-0.136198441,-0.09373753,-0.076756601
09/18/2017,-0.004678035,261,0.0113344707,,0.001885,3,-0.246872658,-0.47478819,-0.333576606,0.0091365009,-0.15533866,-0.220479319,-0.185458498,-0.136198441,-0.09373753,-0.076756601
09/19/2017,0.0886507323,262,0.0084949601,,0.001885,3,-0.213470802,-0.410783018,-0.288532594,0.006609449,-0.131839413,-0.187243886,-0.157457418,-0.136198441,-0.09373753,-0.076756601
09/20/2017,-0.037308886,263,0.0080844738,,0.001885,3,-0.208203266,-0.40068928,-0.281429067,0.0064724736,-0.130446497,-0.185273858,-0.155797656,-0.116060956,-0.083782779,-0.076237143
09/21/2017,0.0086223085,264,0.0067479145,,0.001885,3,-0.190052906,-0.365909269,-0.256952432,0.0053181717,-0.118067512,-0.167766022,-0.141047185,-0.116060956,-0.083782779,-0.076237143
09/22/2017,-0.083506926,265,0.0051366669,,0.001885,3,-0.165577185,-0.319008499,-0.223945742,0.0038905288,-0.100711522,-0.143219115,-0.120366249,-0.116060956,-0.083782779,-0.076237143
09/23/2017,-0.005864726,266,0.0064679818,,0.001885,3,-0.186029534,-0.358199619,-0.251526721,0.0051625135,-0.116299027,-0.16526482,-0.138939905,-0.116060956,-0.083782779,-0.076756601
09/24/2017,0.0374703724,267,0.004938858,,0.001885,3,-0.162321118,-0.312769171,-0.219554779,0.0037795373,-0.099237467,-0.141134331,-0.118609803,-0.116060956,-0.083782779,-0.076756601
09/25/2017,-0.019613427,268,0.0039209787,,0.001885,3,-0.144424789,-0.278475939,-0.195420717,0.0029710934,-0.0877725,-0.12491921,-0.104948453,-0.116060956,-0.083782779,-0.076756601
09/26/2017,0.0626747108,269,0.0032335753,,0.001885,3,-0.130982177,-0.252716989,-0.177292706,0.0023757738,-0.078288559,-0.11150589,-0.09364764,-0.116060956,-0.083782779,-0.076756601
09/27/2017,-0.008213005,270,0.0034061996,,0.001885,3,-0.134482614,-0.259424583,-0.182013214,0.0026713804,-0.083130166,-0.118353467,-0.09941677,-0.116060956,-0.083782779,-0.076756601
09/28/2017,0.0720766841,271,0.0026971197,,0.001885,3,-0.119461264,-0.230640431,-0.1617562,0.0020347283,-0.072311248,-0.103052065,-0.086525234,-0.116060956,-0.083782779,-0.076756601
09/29/2017,-0.000134673,272,0.0032786283,,0.001885,3,-0.131904585,-0.254484522,-0.178536618,0.0027522639,-0.0844076,-0.120160167,-0.100938927,-0.116060956,-0.083782779,-0.076756601
09/30/2017,-0.002004484,273,0.0025704367,,0.001885,3,-0.116577196,-0.225113933,-0.157866895,0.0020503018,-0.072594648,-0.103452884,-0.086862927,-0.116060956,-0.083782779,-0.076756601
10/01/2017,0.0332530575,274,0.0020295515,,0.001885,3,-0.103378177,-0.199821762,-0.140067382,0.0015624274,-0.06313229,-0.09007009,-0.075587831,-0.116060956,-0.083782779,-0.076756601
10/02/2017,0.0058312916,275,0.0017572317,,0.001885,3,-0.096061974,-0.185802334,-0.130201128,0.0013928352,-0.059502354,-0.084936201,-0.071262495,-0.116060956,-0.083782779,-0.076756601
10/03/2017,0.0059812614,276,0.0014199875,,0.001885,3,-0.086162878,-0.166833528,-0.11685172,0.0010784522,-0.052131909,-0.074512041,-0.062480069,-0.116060956,-0.083782779,-0.076756601
10/04/2017,-0.021561918,277,0.001149673,,0.001885,3,-0.07734031,-0.149927581,-0.104954062,0.0008661947,-0.046525244,-0.066582427,-0.055799315,-0.116060956,-0.083782779,-0.076756601
10/05/2017,-0.015996525,278,0.0012396756,,0.001885,3,-0.080382964,-0.155757965,-0.109057229,0.0009674854,-0.049277483,-0.070474972,-0.05907881,-0.116060956,-0.083782779,-0.076756601
10/06/2017,0.0265491169,279,0.0011917447,,0.001885,3,-0.078776885,-0.15268037,-0.106891353,0.0009464023,-0.048716957,-0.069682209,-0.058410902,-0.116060956,-0.083782779,-0.076756601
10/07/2017,0.001554809,280,0.0010787081,,0.001885,3,-0.074856238,-0.145167562,-0.101604171,0.0008873795,-0.047113656,-0.067414631,-0.056500452,-0.116060956,-0.083782779,-0.076756601
10/08/2017,0.0070142577,281,0.0009175191,,0.001885,3,-0.068890752,-0.133736403,-0.093559426,0.0007419716,-0.042919675,-0.061483002,-0.051503015,-0.116060956,-0.083782779,-0.076756601
10/09/2017,0.0503731611,282,0.0007745563,,0.001885,3,-0.063143477,-0.122723382,-0.085808948,0.0006253353,-0.03924762,-0.056289545,-0.047127491,-0.116060956,-0.083782779,-0.076756601
10/10/2017,0.0374632883,283,0.0012198748,,0.001885,3,-0.079723308,-0.15449392,-0.10816765,0.0010924897,-0.052482322,-0.075007636,-0.062897611,-0.116060956,-0.083782779,-0.076756601
10/11/2017,0.0009021071,284,0.0012354738,,0.001885,3,-0.080243425,-0.155490577,-0.108869053,0.0011230029,-0.053236327,-0.076074041,-0.063796065,-0.116060956,-0.083782779,-0.076756601
10/12/2017,0.0077498147,285,0.0010440477,,0.001885,3,-0.073613272,-0.142785771,-0.099927971,0.0009016608,-0.047506369,-0.067970051,-0.056968398,-0.116060956,-0.083782779,-0.076756601
10/13/2017,0.0997700178,286,0.000875341,,0.001885,3,-0.067244851,-0.1305825,-0.091339849,0.0007243821,-0.042385413,-0.060727386,-0.050866403,-0.116060956,-0.083782779,-0.076756601
10/14/2017,0.0438452555,287,0.0032433963,,0.001885,3,-0.131183796,-0.253103335,-0.1775646,0.0030440189,-0.088866149,-0.126465978,-0.106251616,-0.116060956,-0.083782779,-0.076756601
10/15/2017,0.0310789156,288,0.0028348935,,0.001885,3,-0.122521951,-0.236505368,-0.165883683,0.0026296864,-0.082464116,-0.11741146,-0.098623123,-0.116060956,-0.083782779,-0.076756601
10/16/2017,-0.016181803,289,0.0023181078,,0.001885,3,-0.11061258,-0.21368444,-0.149823323,0.0021165016,-0.073787486,-0.105139937,-0.08828428,-0.116060956,-0.083782779,-0.076756601
10/17/2017,0.0112505657,290,0.0019965816,,0.001885,3,-0.102519682,-0.198176699,-0.138909659,0.0017651113,-0.067220862,-0.095852636,-0.080459666,-0.116060956,-0.083782779,-0.076756601
10/18/2017,-0.019000783,291,0.0015677801,,0.001885,3,-0.090631492,-0.175396358,-0.122877862,0.0013346931,-0.058207431,-0.083104768,-0.0697195,-0.116060956,-0.083782779,-0.076756601
10/19/2017,-0.010320704,292,0.0014753943,,0.001885,3,-0.087864218,-0.170093662,-0.119146059,0.0012598049,-0.056497243,-0.080686017,-0.067681686,-0.116060956,-0.083782779,-0.076756601
10/20/2017,0.0321937444,293,0.0013047059,,0.001885,3,-0.082513167,-0.159839892,-0.111929909,0.0010949054,-0.052542396,-0.075092601,-0.062969194,-0.116060956,-0.083782779,-0.076756601
10/21/2017,0.0430277925,294,0.001227309,,0.001885,3,-0.079971598,-0.154969698,-0.108502481,0.0010492799,-0.05139632,-0.073471684,-0.061603561,-0.116060956,-0.083782779,-0.076756601
10/22/2017,0.0068187627,295,0.001337894,,0.001885,3,-0.083579849,-0.161883887,-0.113368382,0.0011990223,-0.055071435,-0.078669469,-0.06598273,-0.116060956,-0.083782779,-0.076756601
10/23/2017,-0.006196039,296,0.0011159949,,0.001885,3,-0.076171289,-0.147687484,-0.103377581,0.0009599287,-0.049077284,-0.070191827,-0.058840259,-0.116060956,-0.083782779,-0.076756601
10/24/2017,-0.018063109,297,0.0010133959,,0.001885,3,-0.072496757,-0.140646287,-0.098422297,0.0008613838,-0.046390621,-0.066392028,-0.055638903,-0.116060956,-0.083782779,-0.076756601
10/25/2017,-0.065082725,298,0.0010709851,,0.001885,3,-0.074581028,-0.144640201,-0.101233038,0.0009333569,-0.048366994,-0.06918725,-0.057993896,-0.116060956,-0.083782779,-0.076756601
10/26/2017,0.0293154177,299,0.0024291918,,0.001885,3,-0.113276483,-0.218789053,-0.153415724,0.0023215765,-0.077368808,-0.110205069,-0.092551689,-0.116060956,-0.083782779,-0.076756601
10/27/2017,0.038666151,300,0.0020203027,,0.001885,3,-0.103138058,-0.19936164,-0.139743569,0.0018574956,-0.06900626,-0.098377757,-0.082587098,-0.116060956,-0.083782779,-0.076756601
10/28/2017,-0.020682568,301,0.0018510381,,0.001885,3,-0.098642334,-0.190746863,-0.133680869,0.0016888522,-0.065711575,-0.093718022,-0.078661239,-0.116060956,-0.083782779,-0.076756601
10/29/2017,0.0007259319,302,0.0017265147,,0.001885,3,-0.09520213,-0.184154688,-0.129041588,0.001544992,-0.062768503,-0.089555579,-0.075154352,-0.116060956,-0.083782779,-0.076756601
10/30/2017,0.0635032148,303,0.0014288459,,0.001885,3,-0.086437088,-0.167358973,-0.117221506,0.0012318986,-0.055847003,-0.079766369,-0.066906876,-0.116060956,-0.083782779,-0.076756601
10/31/2017,-0.008083977,304,0.0019803655,,0.001885,3,-0.102094834,-0.197362599,-0.138336732,0.0018516684,-0.068894976,-0.098220366,-0.082454495,-0.116060956,-0.083782779,-0.076756601
11/01/2017,0.0452709272,305,0.0016731026,,0.001885,3,-0.093688573,-0.181254386,-0.127000483,0.0015045598,-0.061916912,-0.088351157,-0.074139619,-0.116060956,-0.083782779,-0.076756601
11/02/2017,0.0423937447,306,0.0017155929,,0.001885,3,-0.094894562,-0.183565321,-0.128626817,0.0015730407,-0.063352741,-0.090381878,-0.075850515,-0.116060956,-0.083782779,-0.076756601
11/03/2017,0.0586644317,307,0.0016799218,,0.001885,3,-0.093883143,-0.181627223,-0.12726287,0.0015596672,-0.063074834,-0.089988828,-0.075519368,-0.116060956,-0.083782779,-0.076756601
11/04/2017,0.0181839193,308,0.0019888417,,0.001885,3,-0.102317118,-0.197788543,-0.138636493,0.001907814,-0.06996004,-0.099726707,-0.083723598,-0.116060956,-0.083782779,-0.076756601
11/05/2017,0.0327762774,309,0.0016331174,,0.001885,3,-0.092539621,-0.179052745,-0.125451066,0.0015070796,-0.061970316,-0.088426688,-0.074203254,-0.116060956,-0.083782779,-0.076756601
11/06/2017,-0.008171867,310,0.0014810356,,0.001885,3,-0.088035636,-0.170422136,-0.119377224,0.0013634569,-0.0588515,-0.084015687,-0.070486956,-0.116060956,-0.083782779,-0.076756601
11/07/2017,-0.05402099,311,0.0013205415,,0.001885,3,-0.083023801,-0.160818378,-0.112618523,0.0011885665,-0.054822555,-0.078317473,-0.065686171,-0.116060956,-0.083782779,-0.076756601
11/08/2017,0.0146375898,312,0.0020766336,,0.001885,3,-0.104592137,-0.20214797,-0.141704465,0.0019665281,-0.071057197,-0.101278436,-0.08503094,-0.116060956,-0.083782779,-0.076756601
11/09/2017,0.0446380825,313,0.0017044678,,0.001885,3,-0.094580259,-0.182963048,-0.128202964,0.0015572159,-0.063023766,-0.089916603,-0.075458517,-0.116060956,-0.083782779,-0.076756601
11/10/2017,-0.035387621,314,0.0016947312,,0.001885,3,-0.094304339,-0.182434327,-0.127830874,0.0015836622,-0.063572619,-0.090692855,-0.076112515,-0.116060956,-0.083782779,-0.076756601
11/11/2017,-0.063237245,315,0.0018543208,,0.001885,3,-0.098731432,-0.190917593,-0.133801022,0.0017404439,-0.066736289,-0.095167294,-0.079882261,-0.116060956,-0.083782779,-0.076756601
11/12/2017,-0.054521992,316,0.0027470779,,0.001885,3,-0.12057994,-0.232784054,-0.163264787,0.0026443658,-0.082699213,-0.117743963,-0.098903259,-0.116060956,-0.083782779,-0.076756601
11/13/2017,-0.107154533,317,0.0031705939,,0.001885,3,-0.129681867,-0.250225315,-0.175539176,0.0030242886,-0.088571562,-0.126049338,-0.105900593,-0.116060956,-0.083782779,-0.076756601
11/14/2017,0.136177767,318,0.0061115312,,0.001885,3,-0.180778179,-0.348136887,-0.244445015,0.0058919759,-0.124372912,-0.176683871,-0.148560534,-0.116060956,-0.09373753,-0.077450234
11/15/2017,0.0129210693,319,0.0092771841,,0.001885,3,-0.223167567,-0.429364114,-0.301609148,0.0089399709,-0.153638496,-0.218074744,-0.183432628,-0.116060956,-0.09373753,-0.077450234
11/16/2017,0.0956493522,320,0.0068382497,,0.001885,3,-0.191333382,-0.368362937,-0.258679215,0.0063972352,-0.129675116,-0.184182878,-0.154878499,-0.116060956,-0.09373753,-0.077450234
11/17/2017,0.0679786838,321,0.0071564131,,0.001885,3,-0.195777212,-0.376878277,-0.264671935,0.006681066,-0.132561949,-0.188265781,-0.158318372,-0.116060956,-0.09373753,-0.076756601
11/18/2017,-0.003608065,322,0.0062717391,,0.001885,3,-0.183156858,-0.35269495,-0.247652778,0.0057461259,-0.122800429,-0.174459877,-0.146686804,-0.116060956,-0.09373753,-0.076756601
11/19/2017,0.0038779808,323,0.0047266406,,0.001885,3,-0.158754509,-0.305934777,-0.214745034,0.0041977387,-0.104685249,-0.148839233,-0.125101236,-0.116060956,-0.09373753,-0.076756601
11/20/2017,0.0240790348,324,0.0035547163,,0.001885,3,-0.137423833,-0.265060595,-0.18597959,0.0030721874,-0.089285074,-0.127058472,-0.106750796,-0.116060956,-0.09373753,-0.076756601
11/21/2017,0.0304935297,325,0.0027134919,,0.001885,3,-0.119829007,-0.231345106,-0.162252119,0.0023088714,-0.077151648,-0.109897935,-0.092292927,-0.116060956,-0.09373753,-0.076756601
11/22/2017,-0.02400263,326,0.0021294867,,0.001885,3,-0.105938612,-0.204728108,-0.143520252,0.0018262096,-0.068406712,-0.097529805,-0.081872692,-0.116060956,-0.09373753,-0.076756601
11/23/2017,0.0255081327,327,0.0020054739,,0.001885,3,-0.10275192,-0.198621716,-0.139222843,0.0017082999,-0.066099658,-0.094266895,-0.079123668,-0.116060956,-0.09373753,-0.076756601
11/24/2017,-0.01450779,328,0.0017092023,,0.001885,3,-0.094714139,-0.183219593,-0.128383509,0.0014448775,-0.060638677,-0.086543325,-0.072616508,-0.116060956,-0.09373753,-0.076237143
11/25/2017,0.0124426946,329,0.0015185105,,0.001885,3,-0.089166164,-0.172588472,-0.120901796,0.0012965009,-0.057341425,-0.081879958,-0.06868759,-0.108355486,-0.083782779,-0.072114505
11/26/2017,0.0538422942,330,0.0012544045,,0.001885,3,-0.080870244,-0.156691699,-0.109714349,0.0010509026,-0.051437504,-0.073529931,-0.061652634,-0.108355486,-0.083782779,-0.072114505
11/27/2017,0.0641339039,331,0.001540487,,0.001885,3,-0.08982266,-0.173846461,-0.121787113,0.0014258151,-0.06022487,-0.08595807,-0.072123426,-0.108355486,-0.083782779,-0.072114505
11/28/2017,0.0457022194,332,0.0020037993,,0.001885,3,-0.102708225,-0.198537987,-0.139163918,0.0019503161,-0.070755909,-0.100852319,-0.084671933,-0.108355486,-0.083782779,-0.072114505
11/29/2017,0.0238144654,333,0.0019126402,,0.001885,3,-0.100301402,-0.193925994,-0.135918201,0.0018328994,-0.068535341,-0.097711729,-0.082025964,-0.108355486,-0.083506926,-0.071865891
11/30/2017,-0.007380135,334,0.001586383,,0.001885,3,-0.09117876,-0.176445041,-0.123615879,0.0014876615,-0.06155761,-0.08784299,-0.073711485,-0.108355486,-0.083506926,-0.071865891
12/01/2017,0.0267702287,335,0.0013843103,,0.001885,3,-0.085049743,-0.16470052,-0.115350604,0.0012608798,-0.056522144,-0.080721234,-0.067711356,-0.108355486,-0.07876586,-0.069844664
12/02/2017,0.0700709799,336,0.0012146052,,0.001885,3,-0.079546851,-0.154155791,-0.10792969,0.0011057023,-0.052810092,-0.075471208,-0.063288173,-0.108355486,-0.07876586,-0.069844664
12/03/2017,0.0170766108,337,0.0018360499,,0.001885,3,-0.098234512,-0.189965387,-0.133130901,0.0018303481,-0.068486313,-0.097642387,-0.081967543,-0.108355486,-0.07876586,-0.069844664
12/04/2017,0.0233231228,338,0.0015199537,,0.001885,3,-0.089209419,-0.172671359,-0.120960128,0.0014524708,-0.060802753,-0.086775381,-0.072812017,-0.108355486,-0.07876586,-0.069844664
12/05/2017,0.0220110144,339,0.0013074841,,0.001885,3,-0.082602975,-0.160011984,-0.112051019,0.0012220687,-0.055616208,-0.079439952,-0.066631868,-0.108355486,-0.07876586,-0.069844664
12/06/2017,0.0250279473,340,0.0011415522,,0.001885,3,-0.077060005,-0.149390457,-0.104576058,0.001050407,-0.051424931,-0.073512148,-0.061637652,-0.108355486,-0.07876586,-0.069844664
12/07/2017,0.1309962121,341,0.0010309689,,0.001885,3,-0.0731389,-0.141876773,-0.099288259,0.0009478649,-0.048756042,-0.069737488,-0.058457475,-0.108355486,-0.07876586,-0.069844664
12/08/2017,0.1977592257,342,0.0041863992,,0.001885,3,-0.149295731,-0.287809716,-0.201989417,0.0041624244,-0.104236032,-0.148203897,-0.124565961,-0.108355486,-0.07876586,-0.069844664
12/09/2017,-0.030426463,343,0.0129008318,,0.001885,3,-0.263505068,-0.506659482,-0.356006213,0.013084701,-0.186267389,-0.264222411,-0.222312352,-0.108355486,-0.07876586,-0.069844664
12/10/2017,-0.055525979,344,0.0097082079,,0.001885,3,-0.228336249,-0.439268426,-0.308579366,0.0091063531,-0.15507905,-0.220112147,-0.185149154,-0.108355486,-0.07876586,-0.069844664
12/11/2017,-0.01819478,345,0.0082992393,,0.001885,3,-0.210975489,-0.406001458,-0.285167543,0.0073168608,-0.138813812,-0.197107911,-0.165767927,-0.108355486,-0.07876586,-0.069844664
12/12/2017,0.1197887331,346,0.0061922608,,0.001885,3,-0.181980654,-0.35044109,-0.246066611,0.0051247802,-0.115866325,-0.164652843,-0.13842431,-0.108355486,-0.07876586,-0.069844664
12/13/2017,0.0302196426,347,0.0077852048,,0.001885,3,-0.204278106,-0.393167826,-0.2761358,0.0068436005,-0.134187506,-0.190564838,-0.160255344,-0.108355486,-0.07876586,-0.069844664
12/14/2017,-0.027464244,348,0.0057466412,,0.001885,3,-0.175241302,-0.337527035,-0.23697827,0.0047716139,-0.111736591,-0.15881208,-0.133503428,-0.108355486,-0.07876586,-0.069844664
12/15/2017,-0.00773281,349,0.0045374058,,0.001885,3,-0.155506003,-0.299709938,-0.210364268,0.0036516194,-0.097511504,-0.138693269,-0.116553192,-0.108355486,-0.07876586,-0.069844664
12/16/2017,0.0634745904,350,0.0033790778,,0.001885,3,-0.133938619,-0.258382171,-0.181279611,0.0026407527,-0.082641408,-0.117662208,-0.09883438,-0.108355486,-0.07876586,-0.069844664
12/17/2017,0.0927283837,351,0.0032449517,,0.001885,3,-0.131215699,-0.253164467,-0.177607621,0.0026953299,-0.083510405,-0.118891246,-0.099869853,-0.108355486,-0.07876586,-0.069844664
12/18/2017,-0.010771261,352,0.0041420717,,0.001885,3,-0.148493216,-0.286271924,-0.200907187,0.0037669941,-0.09906953,-0.140896814,-0.118409693,-0.108355486,-0.07876586,-0.069844664
12/19/2017,-0.017146264,353,0.0031812549,,0.001885,3,-0.129902876,-0.250648816,-0.175837217,0.0027895181,-0.084989658,-0.120983382,-0.101632491,-0.108355486,-0.07876586,-0.069844664
12/20/2017,-0.066770269,354,0.0026071571,,0.001885,3,-0.117420349,-0.226729597,-0.159003928,0.0022597082,-0.076305653,-0.108701428,-0.091284861,-0.108355486,-0.07876586,-0.069844664
12/21/2017,-0.101429794,355,0.0035854379,,0.001885,3,-0.138024525,-0.266211649,-0.186789652,0.0033084534,-0.092725846,-0.13192482,-0.110850728,-0.108355486,-0.07876586,-0.069844664
12/22/2017,0.0013243425,356,0.0058976135,,0.001885,3,-0.177552892,-0.341956541,-0.24009556,0.0057561683,-0.122909336,-0.174613907,-0.146816575,-0.108355486,-0.083506926,-0.071865891
12/23/2017,-0.054854171,357,0.0042111124,,0.001885,3,-0.149741298,-0.288663519,-0.202590286,0.0038766184,-0.100527943,-0.142959476,-0.120147501,-0.108355486,-0.083506926,-0.071865891
12/24/2017,0.0110842365,358,0.0041402681,,0.001885,3,-0.148460474,-0.286209182,-0.200863032,0.0038404068,-0.100048501,-0.142281392,-0.11957621,-0.108355486,-0.083506926,-0.071865891
12/25/2017,-0.096363396,359,0.0030657598,,0.001885,3,-0.127488492,-0.246022334,-0.172581304,0.0027042467,-0.083651542,-0.119090859,-0.100038028,-0.108355486,-0.083506926,-0.071865891
12/26/2017,0.012103048,360,0.0049720822,,0.001885,3,-0.162872506,-0.31382575,-0.220298352,0.0049283012,-0.113587036,-0.1614292,-0.135708369,-0.108355486,-0.09373753,-0.072114505
12/27/2017,0.1250058265,361,0.0036603715,,0.001885,3,-0.139478976,-0.268998692,-0.188751049,0.0034076133,-0.094133197,-0.133915264,-0.11252769,-0.108355486,-0.09373753,-0.072114505
12/28/2017,-0.02594307,362,0.0055450078,,0.001885,3,-0.172106129,-0.331519367,-0.232750338,0.0056989958,-0.122288037,-0.173735192,-0.146076252,-0.108355486,-0.09373753,-0.072114505
12/29/2017,-0.08070737,363,0.0043558362,,0.001885,3,-0.152324764,-0.293613997,-0.206074214,0.0042309582,-0.105106098,-0.149434448,-0.125602709,-0.108355486,-0.09373753,-0.072114505
12/30/2017,0.0178882702,364,0.0050650512,,0.001885,3,-0.164405704,-0.316763689,-0.222365944,0.0050485143,-0.114986868,-0.163409009,-0.137376372,-0.108355486,-0.09373753,-0.076237143
12/31/2017,-0.102371089,365,0.0037786771,,0.001885,3,-0.141745293,-0.273341445,-0.191807287,0.0035320014,-0.095869962,-0.136371603,-0.114597173,-0.108355486,-0.09373753,-0.076237143
01/01/2018,0.0694187429,366,0.0055465149,,0.001885,3,-0.172129772,-0.331564671,-0.232782221,0.0056551037,-0.12180894,-0.173057596,-0.145505373,-0.108355486,-0.096363396,-0.076756601
01/02/2018,-0.025263431,367,0.0047983109,,0.001885,3,-0.159967817,-0.308259738,-0.216381239,0.004730914,-0.111250982,-0.158125274,-0.132924789,-0.108355486,-0.096363396,-0.076756601
01/03/2018,0.0828892751,368,0.0038859692,,0.001885,3,-0.143770143,-0.277221495,-0.194537895,0.0036658364,-0.097704808,-0.138966662,-0.116783527,-0.108355486,-0.096363396,-0.076756601
01/04/2018,0.0031541204,369,0.0040169064,,0.001885,3,-0.146203724,-0.281884763,-0.197819697,0.0039029758,-0.100875509,-0.143451045,-0.120561651,-0.108355486,-0.096363396,-0.076756601
01/05/2018,0.009658303,370,0.0031465154,,0.001885,3,-0.129181337,-0.24926619,-0.174864186,0.0028863599,-0.086484772,-0.123097951,-0.10341403,-0.108355486,-0.096363396,-0.076756601
01/06/2018,0.1221506068,371,0.0025413592,,0.001885,3,-0.115905253,-0.223826345,-0.156960747,0.0022432443,-0.07602029,-0.108297835,-0.090944831,-0.108355486,-0.096363396,-0.076756601
01/07/2018,0.0084119977,372,0.0043706443,,0.001885,3,-0.152586668,-0.294115862,-0.206427404,0.0045163089,-0.108655154,-0.154453945,-0.129831669,-0.108355486,-0.096363396,-0.076756601
01/08/2018,-0.039316996,373,0.0034589603,,0.001885,3,-0.135534696,-0.261440598,-0.183431997,0.0033421724,-0.093206748,-0.13260497,-0.111423758,-0.108355486,-0.096363396,-0.076756601
01/09/2018,-0.086876581,374,0.0032633009,,0.001885,3,-0.13159149,-0.253884565,-0.178114394,0.003122333,-0.090026119,-0.128106545,-0.107633805,-0.108355486,-0.096363396,-0.076756601
01/10/2018,-0.036805381,375,0.0043094605,,0.001885,3,-0.151501649,-0.292036731,-0.204964204,0.0044161932,-0.107423086,-0.152711408,-0.12836357,-0.108355486,-0.096363396,-0.077450234
01/11/2018,0.0276248129,376,0.0038217082,,0.001885,3,-0.142560799,-0.27490413,-0.192907036,0.0037615819,-0.09899698,-0.140794206,-0.118323246,-0.108355486,-0.096363396,-0.077450234
01/12/2018,-0.128918498,377,0.0031636119,,0.001885,3,-0.129536927,-0.249947577,-0.175343716,0.0029599574,-0.08760432,-0.124681349,-0.104748054,-0.108355486,-0.096363396,-0.077450234
01/13/2018,0.04529222,378,0.0059597591,,0.001885,3,-0.17849582,-0.343763395,-0.241367144,0.0063265185,-0.128945946,-0.183151599,-0.154009639,-0.116060956,-0.101429794,-0.07876586
01/14/2018,0.0413178436,379,0.0048731232,,0.001885,3,-0.16122469,-0.310668178,-0.218076193,0.0048733149,-0.112941055,-0.160515576,-0.134938635,-0.116060956,-0.101429794,-0.07876586
01/15/2018,-0.045636976,380,0.0040471689,,0.001885,3,-0.14676051,-0.282951684,-0.198570549,0.003861121,-0.100323033,-0.142669667,-0.119903335,-0.116060956,-0.101429794,-0.07876586
01/16/2018,0.0114320525,381,0.0038137757,,0.001885,3,-0.142410813,-0.274616725,-0.192704773,0.0036036988,-0.096857155,-0.13776781,-0.115773487,-0.116060956,-0.101429794,-0.07876586
01/17/2018,-0.225712333,382,0.0031334817,,0.001885,3,-0.128909599,-0.248745482,-0.174497735,0.0028260723,-0.085557012,-0.121785802,-0.102308536,-0.116060956,-0.101429794,-0.07876586
01/18/2018,-0.005745089,383,0.0122305594,,0.001885,3,-0.25651885,-0.493272379,-0.346584962,0.0131962236,-0.187067511,-0.265354039,-0.223265756,-0.128918498,-0.102371089,-0.08070737
01/19/2018,0.0203437613,384,0.0092302799,,0.001885,3,-0.222597928,-0.428272563,-0.300840963,0.009816719,-0.161086291,-0.228608303,-0.192307223,-0.128918498,-0.102371089,-0.08070737
01/20/2018,0.0067654096,385,0.007145809,,0.001885,3,-0.195630713,-0.376597553,-0.264474374,0.007419487,-0.139797094,-0.198498585,-0.166939579,-0.128918498,-0.102371089,-0.08070737
01/21/2018,0.1255772059,386,0.0057107174,,0.001885,3,-0.174686802,-0.336464493,-0.2362305,0.0057340961,-0.122669843,-0.174275187,-0.146531201,-0.128918498,-0.102371089,-0.08070737
01/22/2018,-0.118355507,387,0.0068985964,,0.001885,3,-0.192184072,-0.369993044,-0.259826412,0.0070148144,-0.135879126,-0.192957328,-0.162271033,-0.128918498,-0.102371089,-0.08070737
01/23/2018,-0.087188292,388,0.0084214404,,0.001885,3,-0.212536878,-0.408993417,-0.287273152,0.0085526588,-0.150232279,-0.213257266,-0.17937387,-0.128918498,-0.107154533,-0.083506926
01/24/2018,0.0623576983,389,0.0084113544,,0.001885,3,-0.212408438,-0.408747298,-0.287099944,0.008363723,-0.148542696,-0.210867657,-0.177360607,-0.128918498,-0.107154533,-0.086876581
01/25/2018,0.0052604863,390,0.0072212761,,0.001885,3,-0.196670958,-0.378590886,-0.265877194,0.0070147553,-0.135878546,-0.192956508,-0.162270342,-0.128918498,-0.107154533,-0.086876581
01/26/2018,-0.006029199,391,0.0058525588,,0.001885,3,-0.176866173,-0.34064064,-0.239169487,0.0055175473,-0.120295299,-0.170916824,-0.143701757,-0.128918498,-0.107154533,-0.086876581
01/27/2018,-0.022054824,392,0.0048351667,,0.001885,3,-0.160588223,-0.30944857,-0.217217886,0.004424996,-0.107531973,-0.152865408,-0.128493316,-0.128918498,-0.107154533,-0.086876581
01/28/2018,0.0493518006,393,0.0041568679,,0.001885,3,-0.148761566,-0.28678614,-0.201269069,0.003729937,-0.098571743,-0.140192784,-0.117816544,-0.128918498,-0.107154533,-0.086876581
01/29/2018,0.0206901583,394,0.0037225023,,0.001885,3,-0.140673675,-0.271287993,-0.190362159,0.0033370974,-0.093134524,-0.132502822,-0.111337698,-0.128918498,-0.107154533,-0.086876581
01/30/2018,-0.048146318,395,0.0031456837,,0.001885,3,-0.129164014,-0.249232996,-0.174840826,0.0027665371,-0.084631066,-0.12047622,-0.101205203,-0.128918498,-0.107154533,-0.086876581
01/31/2018,-0.096219135,396,0.0032700905,,0.001885,3,-0.131730272,-0.2541505,-0.178301548,0.0029311365,-0.08716758,-0.124063659,-0.104227645,-0.128918498,-0.107154533,-0.086876581
02/01/2018,-0.005814987,397,0.0045883241,,0.001885,3,-0.156386651,-0.301397449,-0.211551863,0.0044679862,-0.108062197,-0.153615315,-0.129125118,-0.128918498,-0.107154533,-0.087188292
02/02/2018,-0.108575954,398,0.0039083027,,0.001885,3,-0.144188098,-0.278022387,-0.195101528,0.0036443098,-0.097411971,-0.138552497,-0.116434591,-0.128918498,-0.107154533,-0.087188292
02/03/2018,-0.020168051,399,0.0054476113,,0.001885,3,-0.170571309,-0.32857832,-0.23068056,0.0054939991,-0.120034296,-0.170547682,-0.143390753,-0.128918498,-0.108355486,-0.087188292
02/04/2018,0.019443379,400,0.0046414281,,0.001885,3,-0.157299911,-0.303147453,-0.212783439,0.0044841539,-0.108260942,-0.153896404,-0.129361937,-0.128918498,-0.108355486,-0.087188292
02/05/2018,-0.077399418,401,0.0039701021,,0.001885,3,-0.145338445,-0.280226701,-0.196652826,0.0036575262,-0.097591863,-0.138806921,-0.116648945,-0.128918498,-0.108355486,-0.087188292
02/06/2018,-0.205694171,402,0.0044843787,,0.001885,3,-0.154583615,-0.297942443,-0.209120383,0.0043005637,-0.105982587,-0.150674082,-0.126647109,-0.128918498,-0.108355486,-0.087188292
02/07/2018,0.1167380705,403,0.0110646253,,0.001885,3,-0.243893674,-0.469079813,-0.329559303,0.0126175961,-0.182878491,-0.259429427,-0.21827423,-0.17671167,-0.108575954,-0.096219135
02/08/2018,0.0525061324,404,0.0112169025,,0.001885,3,-0.245579161,-0.472309571,-0.331832264,0.0120406872,-0.178605148,-0.253385556,-0.213182228,-0.17671167,-0.108575954,-0.096219135
02/09/2018,0.0172065536,405,0.0093779169,,0.001885,3,-0.224386091,-0.431699069,-0.303252387,0.0096080328,-0.159344747,-0.226145204,-0.190232045,-0.17671167,-0.108575954,-0.096219135
02/10/2018,0.0351704182,406,0.0076769807,,0.001885,3,-0.20284013,-0.390412352,-0.274196619,0.0030509082,-0.088968785,-0.126611138,-0.106373914,-0.17671167,-0.108575954,-0.096219135
02/11/2018,-0.025588471,407,0.0064839334,,0.001885,3,-0.186261113,-0.358643374,-0.251839016,0.0031284809,-0.090116561,-0.12823446,-0.107741574,-0.17671167,-0.108575954,-0.096219135
02/12/2018,0.0028299802,408,0.00557464,,0.001885,3,-0.172570407,-0.332409024,-0.233376439,0.0031213827,-0.090012131,-0.128086762,-0.107617138,-0.17671167,-0.108575954,-0.096219135
02/13/2018,0.0545625074,409,0.0046786931,,0.001885,3,-0.157937662,-0.304369523,-0.213643478,0.0040078973,-0.102247572,-0.14539158,-0.122196565,-0.17671167,-0.108575954,-0.096219135
02/14/2018,-0.02453733,410,0.0043384455,,0.001885,3,-0.152016615,-0.293023518,-0.20565866,0.0036583938,-0.097603659,-0.138823605,-0.116663001,-0.17671167,-0.108575954,-0.096219135
02/15/2018,0.082228921,411,0.0038837785,,0.001885,3,-0.143729081,-0.277142811,-0.19448252,0.0031903311,-0.091021546,-0.129514397,-0.108819929,-0.17671167,-0.108575954,-0.096219135
02/16/2018,0.0665663818,412,0.0042365785,,0.001885,3,-0.150199076,-0.289540719,-0.203207621,0.003747962,-0.098814179,-0.140535667,-0.118105425,-0.17671167,-0.108575954,-0.096219135
02/17/2018,0.0149232088,413,0.0041254547,,0.001885,3,-0.148191273,-0.285693335,-0.200500002,0.0037306259,-0.098581019,-0.140205904,-0.117827597,-0.17671167,-0.108575954,-0.096219135
02/18/2018,0.0682056241,414,0.0035247549,,0.001885,3,-0.136835501,-0.263933222,-0.185186195,0.0030344955,-0.088724078,-0.126265044,-0.106082327,-0.17671167,-0.108575954,-0.096219135
02/19/2018,-0.031737377,415,0.0036513882,,0.001885,3,-0.139305402,-0.268666086,-0.188516976,0.0034175557,-0.094273171,-0.134113231,-0.112694479,-0.17671167,-0.108575954,-0.087188292
02/20/2018,0.0562431237,416,0.0033927975,,0.001885,3,-0.134214074,-0.258910002,-0.181651075,0.0030044214,-0.08827396,-0.125628434,-0.105545979,-0.17671167,-0.108575954,-0.087188292
02/21/2018,0.0248377052,417,0.0032691368,,0.001885,3,-0.131710787,-0.254113164,-0.178275272,0.0029269947,-0.087104641,-0.123974643,-0.104152649,-0.17671167,-0.107154533,-0.086876581
02/22/2018,-0.078276757,418,0.0028843272,,0.001885,3,-0.12360194,-0.238574861,-0.167340101,0.0024961855,-0.080295166,-0.114343873,-0.09603866,-0.17671167,-0.107154533,-0.086876581
02/23/2018,-0.058825012,419,0.0036906275,,0.001885,3,-0.140062018,-0.270115927,-0.18953731,0.0036451865,-0.097423914,-0.138569388,-0.116448822,-0.17671167,-0.107154533,-0.086876581
02/24/2018,0.0229983594,420,0.0038523765,,0.001885,3,-0.143139212,-0.276012494,-0.193687053,0.0038646046,-0.10036913,-0.142734863,-0.119958262,-0.17671167,-0.107154533,-0.086876581
02/25/2018,-0.046751612,421,0.0033980591,,0.001885,3,-0.134319564,-0.259112144,-0.181793333,0.003195308,-0.091093984,-0.129616847,-0.108906245,-0.17671167,-0.107154533,-0.086876581
02/26/2018,-0.000140521,422,0.0034034796,,0.001885,3,-0.134428156,-0.25932023,-0.181939775,0.00324426,-0.091803492,-0.130620318,-0.109751675,-0.17671167,-0.107154533,-0.086876581
02/27/2018,0.0650769459,423,0.0030213548,,0.001885,3,-0.126548144,-0.244220423,-0.171313198,0.0027084633,-0.083718202,-0.119185137,-0.100117458,-0.17671167,-0.107154533,-0.086876581
02/28/2018,0.0393448272,424,0.0031580007,,0.001885,3,-0.129420325,-0.249724142,-0.175186473,0.0029307794,-0.087162156,-0.124055988,-0.104221182,-0.17671167,-0.107154533,-0.086876581
03/01/2018,-0.037263461,425,0.0029323614,,0.001885,3,-0.124642524,-0.240568843,-0.168743378,0.0026550877,-0.082870517,-0.117986241,-0.099107379,-0.17671167,-0.107154533,-0.086876581
03/02/2018,0.0598148547,426,0.0029033889,,0.001885,3,-0.124015911,-0.239368118,-0.167898361,0.0026774898,-0.083227325,-0.118490881,-0.099532542,-0.17671167,-0.107154533,-0.086876581
03/03/2018,0.0042087458,427,0.0029723333,,0.001885,3,-0.125501969,-0.242215727,-0.169902382,0.0027833441,-0.084893466,-0.120847336,-0.101517872,-0.17671167,-0.107154533,-0.086876581
03/04/2018,0.0242281609,428,0.002675988,,0.001885,3,-0.118984961,-0.22972773,-0.161113882,0.0023692529,-0.078178457,-0.11135017,-0.093516445,-0.17671167,-0.107154533,-0.086876581
03/05/2018,0.0090726767,429,0.0024672703,,0.001885,3,-0.114175571,-0.220511901,-0.154628188,0.0021006128,-0.073502911,-0.104737456,-0.087945188,-0.17671167,-0.107154533,-0.086876581
03/06/2018,0.0143631699,430,0.002273957,,0.001885,3,-0.109536116,-0.211621703,-0.148371659,0.0018692497,-0.069230202,-0.098694483,-0.082853941,-0.17671167,-0.107154533,-0.086876581
03/07/2018,-0.074487788,431,0.0021130031,,0.001885,3,-0.105520489,-0.203926893,-0.142956392,0.0016996872,-0.065928064,-0.094024206,-0.078919201,-0.17671167,-0.107154533,-0.086876581
03/08/2018,-0.061811005,432,0.0029991424,,0.001885,3,-0.126075167,-0.243314097,-0.170675366,0.0029141589,-0.086909302,-0.123698372,-0.103919889,-0.17671167,-0.107154533,-0.086876581
03/09/2018,-0.070519859,433,0.0033564261,,0.001885,3,-0.133482605,-0.25750835,-0.180664654,0.0035248096,-0.095770387,-0.136230773,-0.114478523,-0.17671167,-0.107154533,-0.086876581
03/10/2018,-0.036706376,434,0.0037741693,,0.001885,3,-0.141659596,-0.27317723,-0.19169172,0.0036905091,-0.098039386,-0.139439862,-0.117182202,-0.17671167,-0.107154533,-0.086876581
03/11/2018,-0.038498832,435,0.0035388972,,0.001885,3,-0.137113514,-0.264465955,-0.18556111,0.0032101263,-0.091309329,-0.129921414,-0.109162845,-0.17671167,-0.107154533,-0.086876581
03/12/2018,0.1098388096,436,0.0033903902,,0.001885,3,-0.134165783,-0.258817466,-0.181585952,0.0032353541,-0.091674811,-0.130438322,-0.109598343,-0.17671167,-0.107154533,-0.086876581
03/13/2018,-0.061098603,437,0.0042932367,,0.001885,3,-0.151212652,-0.29148295,-0.204574477,0.0042734399,-0.105641887,-0.150192223,-0.12624114,-0.17671167,-0.107154533,-0.086876581
03/14/2018,-0.003069479,438,0.0043579892,,0.001885,3,-0.152362871,-0.293687019,-0.206125603,0.0035766998,-0.096486572,-0.137243688,-0.11533191,-0.17671167,-0.107154533,-0.086876581
03/15/2018,-0.116061564,439,0.0038176927,,0.001885,3,-0.142484894,-0.27475868,-0.192804675,0.0030867933,-0.089501538,-0.12736462,-0.107008728,-0.17671167,-0.107154533,-0.086876581
03/16/2018,0.0250278767,440,0.0053605515,,0.001885,3,-0.169187725,-0.325927074,-0.228814729,0.0046674361,-0.110489409,-0.157048167,-0.132017319,-0.17671167,-0.108575954,-0.087188292
03/17/2018,0.0204027673,441,0.0046107049,,0.001885,3,-0.156772187,-0.30213622,-0.212071778,0.0032074242,-0.091270098,-0.129865929,-0.109116098,-0.17671167,-0.108575954,-0.087188292
03/18/2018,-0.064985929,442,0.0040872731,,0.001885,3,-0.147495173,-0.284359456,-0.199561277,0.0031787412,-0.090852636,-0.129275505,-0.108618661,-0.17671167,-0.108575954,-0.087188292
03/19/2018,0.0219915291,443,0.0042620342,,0.001885,3,-0.150655294,-0.290414932,-0.203822853,0.0036510914,-0.097504317,-0.138683104,-0.116544628,-0.17671167,-0.108575954,-0.087188292
03/20/2018,0.0290211319,444,0.0038068223,,0.001885,3,-0.14227921,-0.274364546,-0.1925273,0.0031920686,-0.091046841,-0.129550172,-0.10885007,-0.17671167,-0.108575954,-0.087188292
03/21/2018,0.0661101192,445,0.0034428386,,0.001885,3,-0.135214075,-0.26082622,-0.182999625,0.0032200615,-0.091453434,-0.130125224,-0.109334555,-0.17671167,-0.108575954,-0.087188292
03/22/2018,-0.004370863,446,0.0034621946,,0.001885,3,-0.135598927,-0.26156368,-0.183518617,0.0035272875,-0.095804707,-0.136279312,-0.114519417,-0.17671167,-0.108575954,-0.087188292
03/23/2018,-0.02918255,447,0.0031419485,,0.001885,3,-0.129086187,-0.249083863,-0.174735873,0.0031624384,-0.090614519,-0.12893873,-0.108334927,-0.17671167,-0.108575954,-0.087188292
03/24/2018,-0.000412225,448,0.0030412223,,0.001885,3,-0.12696972,-0.245028254,-0.171881714,0.0032634403,-0.092080029,-0.13101143,-0.11008119,-0.17671167,-0.108575954,-0.087188292
03/25/2018,-0.002818383,449,0.0028121417,,0.001885,3,-0.122021725,-0.235546827,-0.165209105,0.0031290753,-0.090125301,-0.12824682,-0.107751988,-0.17671167,-0.108575954,-0.087188292
03/26/2018,-0.005217895,450,0.0026755691,,0.001885,3,-0.1189755,-0.229709601,-0.161101123,0.0030877374,-0.089515512,-0.127384384,-0.107025379,-0.17671167,-0.108575954,-0.087188292
03/27/2018,-0.049936298,451,0.0025058413,,0.001885,3,-0.115079242,-0.222243529,-0.155846831,0.0030779723,-0.089370869,-0.127179813,-0.106853026,-0.17671167,-0.108575954,-0.087188292
03/28/2018,-0.039990207,452,0.0027055078,,0.001885,3,-0.119649812,-0.231001729,-0.162010465,0.003377078,-0.093702025,-0.133305449,-0.112013917,-0.17671167,-0.108575954,-0.087188292
03/29/2018,0.0106318182,453,0.0025809965,,0.001885,3,-0.116820278,-0.22557973,-0.158194702,0.0030361937,-0.088749428,-0.126300896,-0.106112534,-0.17671167,-0.108575954,-0.087188292
03/30/2018,-0.104253142,454,0.0024196308,,0.001885,3,-0.113049629,-0.218354352,-0.1531098,0.0027911398,-0.085014907,-0.121019092,-0.101662577,-0.17671167,-0.108575954,-0.087188292
03/31/2018,-0.041237037,455,0.0032762122,,0.001885,3,-0.131855278,-0.25439004,-0.178470125,0.0041109253,-0.103577506,-0.147272531,-0.123781279,-0.17671167,-0.108575954,-0.096219135
04/01/2018,0.0076637064,456,0.0032383837,,0.001885,3,-0.131080929,-0.252906219,-0.177425878,0.0030697177,-0.089248421,-0.127006632,-0.10670712,-0.17671167,-0.108575954,-0.096219135
04/02/2018,-0.020594941,457,0.0030269402,,0.001885,3,-0.126666801,-0.244447796,-0.171473214,0.00284752,-0.085888192,-0.122254197,-0.102703161,-0.17671167,-0.108575954,-0.096219135
04/03/2018,0.0349629464,458,0.0028979252,,0.001885,3,-0.123897392,-0.23914101,-0.167738532,0.0028893377,-0.086530345,-0.123162405,-0.103468333,-0.17671167,-0.108575954,-0.096219135
04/04/2018,0.0518708712,459,0.0027838085,,0.001885,3,-0.121395946,-0.234347699,-0.164365211,0.0029205222,-0.087006194,-0.123835408,-0.104035342,-0.17671167,-0.108575954,-0.096219135
04/05/2018,-0.087767906,460,0.0027630863,,0.001885,3,-0.12093625,-0.233466821,-0.163745289,0.0030645671,-0.089171934,-0.126898456,-0.106615981,-0.17671167,-0.108575954,-0.096219135
04/06/2018,0.0056923262,461,0.0032511772,,0.001885,3,-0.131343316,-0.253409009,-0.177779719,0.0037694216,-0.099102053,-0.140942811,-0.118448447,-0.17671167,-0.108575954,-0.096219135
04/07/2018,-0.033156712,462,0.0030596474,,0.001885,3,-0.127359459,-0.245775078,-0.172407296,0.0028520596,-0.08595813,-0.12235311,-0.102786497,-0.17671167,-0.108575954,-0.096219135
04/08/2018,0.0478692853,463,0.0029739311,,0.001885,3,-0.125536204,-0.242281327,-0.169948549,0.0029997766,-0.088204241,-0.125529829,-0.105462904,-0.17671167,-0.108575954,-0.096219135
04/09/2018,0.0129032185,464,0.0029126796,,0.001885,3,-0.124217187,-0.239753807,-0.168169791,0.0030628021,-0.089145708,-0.126861364,-0.106584731,-0.17671167,-0.108575954,-0.096219135
04/10/2018,-0.046430291,465,0.0027606758,,0.001885,3,-0.120882664,-0.233364139,-0.163673025,0.0028489162,-0.085909708,-0.122284626,-0.102728799,-0.17671167,-0.108575954,-0.096219135
04/11/2018,0.013094181,466,0.002794787,,0.001885,3,-0.121638799,-0.234813058,-0.164692711,0.0031215482,-0.090014568,-0.128090209,-0.107620041,-0.17671167,-0.108575954,-0.096219135
04/12/2018,0.0202277037,467,0.0026252552,,0.001885,3,-0.117833723,-0.227521709,-0.159561381,0.0028605553,-0.086088864,-0.122538011,-0.102942277,-0.17671167,-0.108575954,-0.096219135
04/13/2018,0.1249180243,468,0.0024572494,,0.001885,3,-0.11393964,-0.220059807,-0.154310024,0.0028569471,-0.086033364,-0.122459516,-0.102876145,-0.17671167,-0.108575954,-0.096219135
04/14/2018,0.0060423951,469,0.003418211,,0.001885,3,-0.134722843,-0.259884912,-0.182337174,0.0044623718,-0.107993097,-0.153517585,-0.12904278,-0.17671167,-0.108575954,-0.096219135
04/15/2018,0.0177136733,470,0.0031752452,,0.001885,3,-0.129778338,-0.250410174,-0.175669271,0.0028671051,-0.086189524,-0.122680376,-0.10306222,-0.17671167,-0.108575954,-0.096219135
04/16/2018,0.0371579004,471,0.0029997599,,0.001885,3,-0.126088339,-0.243339337,-0.170693129,0.002879149,-0.086374317,-0.122941733,-0.103282415,-0.17671167,-0.108575954,-0.096219135
04/17/2018,-0.036250918,472,0.0028936462,,0.001885,3,-0.123804496,-0.238963,-0.167613257,0.0029779359,-0.087875682,-0.125065141,-0.105071401,-0.17671167,-0.108575954,-0.096219135
04/18/2018,-0.018619568,473,0.002863262,,0.001885,3,-0.123142864,-0.237695172,-0.166721015,0.0030306818,-0.088667122,-0.126184491,-0.106014461,-0.17671167,-0.108575954,-0.096219135
04/19/2018,0.0335666075,474,0.002746283,,0.001885,3,-0.120562221,-0.232750102,-0.163240893,0.0029139893,-0.08690672,-0.123694719,-0.103916811,-0.17671167,-0.108575954,-0.096219135
04/20/2018,0.0109245866,475,0.0026590357,,0.001885,3,-0.118601499,-0.228992936,-0.160596765,0.0029485191,-0.087431245,-0.124436565,-0.104541822,-0.17671167,-0.108575954,-0.096219135
04/21/2018,0.0699509188,476,0.0025403625,,0.001885,3,-0.115882151,-0.223782077,-0.156929593,0.0028458802,-0.085862916,-0.122218448,-0.102673043,-0.17671167,-0.108575954,-0.096219135
04/22/2018,-0.005154432,477,0.0027182813,,0.001885,3,-0.119936374,-0.231550843,-0.162396908,0.0033114445,-0.092768604,-0.131985294,-0.110901677,-0.17671167,-0.108575954,-0.096219135
04/23/2018,0.003552511,478,0.0026223849,,0.001885,3,-0.117768258,-0.227396264,-0.159473099,0.0028530141,-0.085972827,-0.122373898,-0.10280401,-0.17671167,-0.108575954,-0.096219135
04/24/2018,0.0107260914,479,0.0025197553,,0.001885,3,-0.115403522,-0.22286492,-0.156284139,0.0028422405,-0.085806785,-0.122139061,-0.102606159,-0.17671167,-0.108575954,-0.096219135
04/25/2018,0.0672725614,480,0.0024345965,,0.001885,3,-0.113404522,-0.219034404,-0.153588391,0.0028439332,-0.085832894,-0.122175987,-0.102637269,-0.17671167,-0.108575954,-0.096219135
04/26/2018,-0.060396107,481,0.0025793885,,0.001885,3,-0.116783292,-0.225508858,-0.158144826,0.0032776304,-0.092284097,-0.131300047,-0.110324352,-0.17671167,-0.108575954,-0.096219135
04/27/2018,0.0288058741,482,0.0027405986,,0.001885,3,-0.120435431,-0.232507145,-0.163069911,0.0032828154,-0.092358552,-0.13140535,-0.11041307,-0.17671167,-0.108575954,-0.096219135
04/28/2018,-0.02716048,483,0.0026663768,,0.001885,3,-0.118767705,-0.229311421,-0.160820901,0.0029308324,-0.087162961,-0.124057126,-0.104222141,-0.17671167,-0.108575954,-0.096219135
04/29/2018,0.0344541972,484,0.0026288634,,0.001885,3,-0.117915966,-0.227679305,-0.159672291,0.0029622205,-0.087638524,-0.124729724,-0.10478881,-0.17671167,-0.108575954,-0.096219135
04/30/2018,0.0008690392,485,0.0025824135,,0.001885,3,-0.116852858,-0.225642161,-0.158238638,0.0029645226,-0.087673304,-0.124778915,-0.104830253,-0.17671167,-0.108575954,-0.096219135
05/01/2018,-0.008036212,486,0.0024948669,,0.001885,3,-0.114822838,-0.221752205,-0.155501059,0.0028693757,-0.086224393,-0.122729691,-0.103103769,-0.17671167,-0.108575954,-0.096219135
05/02/2018,-0.020119172,487,0.0024176,,0.001885,3,-0.113001387,-0.218261911,-0.153044744,0.0028788578,-0.086369854,-0.122935419,-0.103277096,-0.17671167,-0.108575954,-0.096219135
05/03/2018,0.0159912497,488,0.002373957,,0.001885,3,-0.11195969,-0.216265793,-0.151639965,0.0029184064,-0.08697399,-0.123789861,-0.103996969,-0.17671167,-0.108575954,-0.096219135
05/04/2018,0.0443155173,489,0.0022787058,,0.001885,3,-0.109652397,-0.211844521,-0.148528469,0.002881289,-0.086407112,-0.122988115,-0.103321493,-0.17671167,-0.108575954,-0.096219135
05/05/2018,0.007386253,490,0.0022670698,,0.001885,3,-0.109367256,-0.211298131,-0.148143943,0.0030424892,-0.088843344,-0.126433724,-0.106224441,-0.17671167,-0.108575954,-0.096219135
05/06/2018,0.009488284,491,0.0021541519,,0.001885,3,-0.106561258,-0.205921231,-0.144359919,0.0028778758,-0.086354801,-0.12291413,-0.10325916,-0.17671167,-0.108575954,-0.096219135
05/07/2018,-0.017822367,492,0.0020298854,,0.001885,3,-0.103386834,-0.19983835,-0.140079056,0.002875476,-0.086318002,-0.122862085,-0.103215312,-0.17671167,-0.108575954,-0.096219135
05/08/2018,-0.029982103,493,0.0019811407,,0.001885,3,-0.102115184,-0.197401593,-0.138364174,0.0029098317,-0.086843353,-0.123605099,-0.103841306,-0.17671167,-0.108575954,-0.096219135
05/09/2018,-0.012607014,494,0.0019719759,,0.001885,3,-0.101874353,-0.196940109,-0.138039402,0.0029803578,-0.087912176,-0.125116755,-0.105114887,-0.17671167,-0.108575954,-0.096219135
05/10/2018,0.010073407,495,0.0018829083,,0.001885,3,-0.09950405,-0.192398097,-0.134842935,0.0028913957,-0.086561826,-0.12320693,-0.103505846,-0.17671167,-0.108575954,-0.096219135
05/11/2018,-0.023944264,496,0.0017554418,,0.001885,3,-0.096012078,-0.185706723,-0.130133841,0.0028604221,-0.086086817,-0.122535115,-0.102939837,-0.17671167,-0.108575954,-0.096219135
05/12/2018,-0.072049999,497,0.001751435,,0.001885,3,-0.09590029,-0.185492513,-0.12998309,0.0029097071,-0.086841454,-0.123602413,-0.103839042,-0.17671167,-0.108575954,-0.096219135
05/13/2018,0.0018354919,498,0.0021298414,,0.001885,3,-0.105947591,-0.204745313,-0.14353236,0.0034507078,-0.094738436,-0.134771266,-0.113248878,-0.17671167,-0.108575954,-0.096219135
05/14/2018,0.0282734408,499,0.0020371714,,0.001885,3,-0.103575595,-0.200200056,-0.140333609,0.0028361063,-0.085712105,-0.122005154,-0.102493341,-0.17671167,-0.108575954,-0.096219135
05/15/2018,-0.008701399,500,0.0019740672,,0.001885,3,-0.101929356,-0.197045507,-0.138113577,0.002901928,-0.086722769,-0.123434555,-0.103697621,-0.17671167,-0.108575954,-0.096219135
05/16/2018,-0.016381683,501,0.0018745312,,0.001885,3,-0.099278261,-0.191965435,-0.134538446,0.0028449929,-0.085849235,-0.122199098,-0.10265674,-0.17671167,-0.108575954,-0.096219135
05/17/2018,-0.02026571,502,0.0017890658,,0.001885,3,-0.096945196,-0.187494779,-0.131392196,0.0028581376,-0.086051681,-0.122485422,-0.10289797,-0.17671167,-0.108575954,-0.096219135
05/18/2018,-0.028528419,503,0.0017515936,,0.001885,3,-0.095904716,-0.185500995,-0.129989059,0.0028511865,-0.085944683,-0.122334092,-0.102770474,-0.17671167,-0.108575954,-0.096219135
05/19/2018,0.0163878923,504,0.0017330444,,0.001885,3,-0.095385549,-0.184506159,-0.129288938,0.0029057496,-0.086781095,-0.123517045,-0.10376712,-0.17671167,-0.108575954,-0.096219135
05/20/2018,-0.002036849,505,0.0016293877,,0.001885,3,-0.092431739,-0.17884602,-0.125305582,0.0028167841,-0.0854132,-0.121582406,-0.102137173,-0.17671167,-0.108575954,-0.096219135
05/21/2018,0.033966987,506,0.0015069595,,0.001885,3,-0.088819198,-0.17192361,-0.120433896,0.002796592,-0.085099739,-0.121139073,-0.101763662,-0.17671167,-0.108575954,-0.096219135
05/22/2018,-0.014426432,507,0.0015027188,,0.001885,3,-0.088691486,-0.171678888,-0.120261671,0.0028969789,-0.08664718,-0.123327647,-0.10360755,-0.17671167,-0.108575954,-0.096219135
05/23/2018,-0.045123576,508,0.001442112,,0.001885,3,-0.086846153,-0.16814283,-0.117773149,0.0028263338,-0.085561058,-0.121791524,-0.102313356,-0.17671167,-0.108575954,-0.096219135
05/24/2018,-0.059079608,509,0.0014921326,,0.001885,3,-0.08837188,-0.171066453,-0.119830666,0.0029657979,-0.087692566,-0.124806156,-0.104853205,-0.128918498,-0.107154533,-0.087767906
05/25/2018,0.0013825395,510,0.0016779701,,0.001885,3,-0.093827498,-0.181520596,-0.12718783,0.0030484216,-0.088931755,-0.126558765,-0.106329789,-0.128918498,-0.107154533,-0.087767906
05/26/2018,-0.016115401,511,0.0015811372,,0.001885,3,-0.091024762,-0.176149948,-0.123408206,0.0027168901,-0.083851266,-0.119373334,-0.100276015,-0.128918498,-0.107154533,-0.087767906
05/27/2018,-0.013839683,512,0.0015121347,,0.001885,3,-0.088974814,-0.172221805,-0.120643752,0.0027351748,-0.084139285,-0.119780684,-0.10061921,-0.128918498,-0.107154533,-0.087767906
05/28/2018,0.0025737747,513,0.0014277336,,0.001885,3,-0.086402703,-0.167293084,-0.117175136,0.0026975181,-0.083545061,-0.118940262,-0.099911149,-0.128918498,-0.107154533,-0.087767906
05/29/2018,-0.031921568,514,0.0013408319,,0.001885,3,-0.083673635,-0.162063601,-0.113494857,0.0011961373,-0.055002872,-0.078572498,-0.065901032,-0.128918498,-0.107154533,-0.087767906
05/30/2018,0.0451516798,515,0.0013483819,,0.001885,3,-0.083914178,-0.162524533,-0.11381924,0.0027665246,-0.084630871,-0.120475944,-0.101204971,-0.128918498,-0.107154533,-0.087767906
05/31/2018,-0.01003448,516,0.0014433989,,0.001885,3,-0.086885735,-0.168218678,-0.117826528,0.0013016712,-0.057459399,-0.082046812,-0.068828165,-0.128918498,-0.107154533,-0.087767906
06/01/2018,0.0142558331,517,0.001361977,,0.001885,3,-0.084345628,-0.163351285,-0.114401072,0.0012162724,-0.055479681,-0.079246859,-0.066469185,-0.128918498,-0.107154533,-0.087767906
06/02/2018,0.0058180621,518,0.0012771032,,0.001885,3,-0.081615619,-0.158119998,-0.110719523,0.0011269253,-0.053332508,-0.076210071,-0.06391067,-0.128918498,-0.107154533,-0.087767906
06/03/2018,0.0144927272,519,0.0011793927,,0.001885,3,-0.078357781,-0.151877275,-0.106326171,0.0010292876,-0.05088629,-0.072750338,-0.060995822,-0.128918498,-0.107154533,-0.087767906
06/04/2018,0.0071344997,520,0.0010972045,,0.001885,3,-0.075511371,-0.146422939,-0.10248765,0.0009432566,-0.048632791,-0.069563172,-0.058310613,-0.128918498,-0.107154533,-0.087767906
06/05/2018,-0.026266059,521,0.00098118,,0.001885,3,-0.071304912,-0.138362456,-0.096815038,0.0008361763,-0.045679013,-0.065385587,-0.054790969,-0.128918498,-0.107154533,-0.087767906
06/06/2018,0.0152753491,522,0.0009970563,,0.001885,3,-0.071894672,-0.139492562,-0.097610357,0.0008292693,-0.045482161,-0.065107176,-0.054556406,-0.128918498,-0.107154533,-0.087767906
06/07/2018,0.0052243344,523,0.0009029295,,0.001885,3,-0.06832579,-0.132653814,-0.092797548,0.0007380516,-0.042801164,-0.06131539,-0.0513618,-0.128918498,-0.107154533,-0.087767906
06/08/2018,0.0026948214,524,0.0007621151,,0.001885,3,-0.062619109,-0.121718579,-0.085101813,0.0006514238,-0.04009686,-0.057490642,-0.048139424,-0.128918498,-0.107154533,-0.087767906
06/09/2018,-0.007337477,525,0.0007091142,,0.001885,3,-0.060335751,-0.117343173,-0.082022595,0.0005995872,-0.038391911,-0.0550793,-0.046107852,-0.128918498,-0.107154533,-0.087767906
06/10/2018,-0.007342359,526,0.000661511,,0.001885,3,-0.058211027,-0.113271742,-0.079157302,0.0005557296,-0.036890897,-0.052956387,-0.044319283,-0.128918498,-0.107154533,-0.087767906
06/11/2018,-0.109936084,527,0.0006145567,,0.001885,3,-0.056038963,-0.109109598,-0.076228169,0.0005132474,-0.035379352,-0.05081858,-0.042518166,-0.128918498,-0.107154533,-0.087767906
06/12/2018,0.0144722566,528,0.001403539,,0.001885,3,-0.085651443,-0.165853508,-0.116162026,0.0039241135,-0.101153398,-0.143844069,-0.120892776,-0.128918498,-0.108575954,-0.096219135
06/13/2018,-0.050805462,529,0.0013040104,,0.001885,3,-0.082490668,-0.159796781,-0.111899569,0.0026598173,-0.082945973,-0.11809296,-0.099197291,-0.128918498,-0.108575954,-0.096219135
06/14/2018,-0.034146247,530,0.0014198814,,0.001885,3,-0.086159589,-0.166827226,-0.116847286,0.0029187519,-0.086979249,-0.123797299,-0.104003235,-0.128918498,-0.108575954,-0.096219135
06/15/2018,0.0511290341,531,0.0014046877,,0.001885,3,-0.085687255,-0.165922132,-0.11621032,0.0027842644,-0.08490781,-0.120867623,-0.101534964,-0.128918498,-0.108575954,-0.096219135
06/16/2018,-0.032557525,532,0.0015203803,,0.001885,3,-0.089222202,-0.172695853,-0.120977366,0.0029055935,-0.086778713,-0.123513678,-0.103764283,-0.128918498,-0.108575954,-0.096219135
06/17/2018,0.0116412766,533,0.0015002321,,0.001885,3,-0.088616511,-0.17153522,-0.120160563,0.0027768284,-0.084791834,-0.120703596,-0.101396769,-0.128918498,-0.108575954,-0.096219135
06/18/2018,-0.006939377,534,0.0013880628,,0.001885,3,-0.085167493,-0.164926155,-0.115509396,0.0026759662,-0.083203105,-0.118456626,-0.099503682,-0.128918498,-0.108575954,-0.096219135
06/19/2018,0.0378066318,535,0.0012649274,,0.001885,3,-0.081216623,-0.157355434,-0.110181457,0.0026696229,-0.083102195,-0.118313908,-0.099383441,-0.128918498,-0.108575954,-0.096219135
06/20/2018,0.0034960849,536,0.0012901025,,0.001885,3,-0.082039507,-0.158932258,-0.111291156,0.0027793172,-0.084830668,-0.12075852,-0.101443043,-0.128918498,-0.108575954,-0.096219135
06/21/2018,-0.003312839,537,0.001217931,,0.001885,3,-0.079658261,-0.154369276,-0.108079931,0.001429982,-0.060315561,-0.086086336,-0.072231491,-0.128918498,-0.108575954,-0.096219135
06/22/2018,0.0028528349,538,0.0011389306,,0.001885,3,-0.076969307,-0.14921666,-0.104453747,0.0013450462,-0.058440046,-0.083433759,-0.069996678,-0.128918498,-0.108575954,-0.096219135
06/23/2018,-0.061448035,539,0.0010810006,,0.001885,3,-0.074937739,-0.145323736,-0.101714079,0.0012636703,-0.05658674,-0.080812593,-0.067788327,-0.128918498,-0.108575954,-0.096219135
06/24/2018,-0.030620439,540,0.001226473,,0.001885,3,-0.079943713,-0.154916265,-0.108464877,0.0029934472,-0.088109149,-0.125395338,-0.105349594,-0.128918498,-0.108575954,-0.096219135
06/25/2018,-0.017177664,541,0.0011997962,,0.001885,3,-0.079048903,-0.153201614,-0.107258182,0.0027205655,-0.083909239,-0.119455325,-0.100345093,-0.128918498,-0.108575954,-0.096219135
06/26/2018,0.0284853804,542,0.0011471284,,0.001885,3,-0.077252585,-0.149759481,-0.104835761,0.0026557879,-0.082881693,-0.118002048,-0.099120697,-0.128918498,-0.108575954,-0.096219135
06/27/2018,0.0011500364,543,0.0011321026,,0.001885,3,-0.076732583,-0.148763046,-0.104134514,0.0027049919,-0.083663327,-0.119107527,-0.100052071,-0.128918498,-0.108575954,-0.096219135
06/28/2018,-0.01838757,544,0.0010739113,,0.001885,3,-0.07468542,-0.144840238,-0.101373815,0.0026197564,-0.082304708,-0.117186007,-0.098433177,-0.128918498,-0.108575954,-0.096219135
06/29/2018,0.0004259581,545,0.0010308026,,0.001885,3,-0.073132849,-0.141865177,-0.099280098,0.0026448741,-0.082707343,-0.11775546,-0.098912945,-0.128918498,-0.108575954,-0.096219135
06/30/2018,-0.033156121,546,0.0009758288,,0.001885,3,-0.071105059,-0.137979494,-0.096545526,0.002611443,-0.082171023,-0.116996933,-0.09827388,-0.128918498,-0.108575954,-0.096219135
07/01/2018,0.0769598084,547,0.0009694667,,0.001885,3,-0.070866734,-0.137522811,-0.096224133,0.0010553967,-0.051551398,-0.073691013,-0.061788347,-0.128918498,-0.108575954,-0.096219135
07/02/2018,-0.001040544,548,0.0012468249,,0.001885,3,-0.080619845,-0.156211879,-0.109376674,0.0032345289,-0.091662879,-0.130421446,-0.109584125,-0.128918498,-0.108575954,-0.096219135
07/03/2018,0.014222848,549,0.0011915712,,0.001885,3,-0.078771014,-0.152669119,-0.106883435,0.0013284639,-0.058067039,-0.082906208,-0.069552212,-0.128918498,-0.108575954,-0.096219135
07/04/2018,0.022572737,550,0.0011428586,,0.001885,3,-0.077105166,-0.149476996,-0.10463696,0.0026417139,-0.08265679,-0.117683962,-0.098852708,-0.128918498,-0.108575954,-0.096219135
07/05/2018,-0.003088774,551,0.0011124397,,0.001885,3,-0.076046859,-0.14744905,-0.103209781,0.0026659636,-0.08304393,-0.118231503,-0.099314014,-0.128918498,-0.108575954,-0.096219135
07/06/2018,0.0015287955,552,0.0010583126,,0.001885,3,-0.074127291,-0.143770743,-0.100621151,0.0011578139,-0.054084133,-0.077273109,-0.064806288,-0.128918498,-0.108575954,-0.096219135
07/07/2018,-0.005143994,553,0.0010041217,,0.001885,3,-0.07215562,-0.139992596,-0.097962258,0.0010881434,-0.052374069,-0.074854533,-0.06276862,-0.128918498,-0.108575954,-0.096219135
07/08/2018,0.0037657187,554,0.0009600808,,0.001885,3,-0.070513705,-0.136846332,-0.095748057,0.0010299471,-0.050903192,-0.072774244,-0.061015963,-0.128918498,-0.108575954,-0.096219135
07/09/2018,0.0238667905,555,0.0009107162,,0.001885,3,-0.068627886,-0.133232694,-0.093204938,0.0009651043,-0.049214485,-0.070385873,-0.059003744,-0.128918498,-0.108575954,-0.096219135
07/10/2018,-0.004405396,556,0.0008950047,,0.001885,3,-0.068017004,-0.132062112,-0.092381134,0.0009452919,-0.048687264,-0.069640213,-0.058375521,-0.128918498,-0.108575954,-0.096219135
07/11/2018,-0.032203197,557,0.0008529488,,0.001885,3,-0.066354914,-0.12887719,-0.090139727,0.0008849389,-0.04704623,-0.067319268,-0.056420109,-0.128918498,-0.108575954,-0.096219135
07/12/2018,-0.020706315,558,0.0008620345,,0.001885,3,-0.066717402,-0.129571795,-0.090628559,0.0008899344,-0.047184144,-0.067514322,-0.056584443,-0.128918498,-0.108575954,-0.096219135
07/13/2018,-0.022801528,559,0.0008321606,,0.001885,3,-0.06551821,-0.127273884,-0.089011391,0.0008491089,-0.046045421,-0.065903805,-0.055227571,-0.128918498,-0.108575954,-0.096219135
07/14/2018,0.0017250431,560,0.0008093423,,0.001885,3,-0.064587677,-0.125490782,-0.087756522,0.0008154104,-0.045084691,-0.064545026,-0.054082791,-0.128918498,-0.108575954,-0.096219135
07/15/2018,-0.00053783,561,0.0007647375,,0.001885,3,-0.062729988,-0.121931048,-0.085251339,0.0007628531,-0.043545773,-0.062368505,-0.052249057,-0.128918498,-0.108575954,-0.096219135
07/16/2018,0.0120852533,562,0.0007291638,,0.001885,3,-0.061209236,-0.119016959,-0.083200532,0.0007282436,-0.042503252,-0.060894048,-0.051006817,-0.128918498,-0.108575954,-0.096219135
07/17/2018,0.0307880248,563,0.0006953866,,0.001885,3,-0.059730551,-0.116183478,-0.081206453,0.0007026563,-0.041716481,-0.059781303,-0.050069321,-0.128918498,-0.108575954,-0.096219135
07/18/2018,0.053137423,564,0.0007155284,,0.001885,3,-0.060616519,-0.117881185,-0.082401225,0.0007172159,-0.042165889,-0.060416909,-0.050604824,-0.128918498,-0.108575954,-0.096219135
07/19/2018,0.074148001,565,0.0008348956,,0.001885,3,-0.065628886,-0.127485962,-0.089160642,0.0008444589,-0.045913999,-0.065717932,-0.055070972,-0.128918498,-0.108575954,-0.096219135
07/20/2018,-0.000305507,566,0.0010939149,,0.001885,3,-0.07539526,-0.146200446,-0.102331069,0.0011435823,-0.053739092,-0.076785111,-0.064395146,-0.128918498,-0.108575954,-0.096219135
07/21/2018,0.0042690809,567,0.0010465685,,0.001885,3,-0.073704359,-0.142960314,-0.100050807,0.0010807743,-0.052190032,-0.074594245,-0.062549327,-0.128918498,-0.108575954,-0.096219135
07/22/2018,-0.010222938,568,0.0010016943,,0.001885,3,-0.072066071,-0.139821001,-0.097841497,0.0010300461,-0.050905729,-0.072777832,-0.061018986,-0.128918498,-0.108575954,-0.087767906
07/23/2018,0.0133472962,569,0.0009570946,,0.001885,3,-0.070401025,-0.136630411,-0.095596101,0.0024715567,-0.079888744,-0.113769062,-0.095554377,-0.128918498,-0.108575954,-0.087767906
07/24/2018,0.0315186606,570,0.0009139255,,0.001885,3,-0.068752014,-0.133470551,-0.093372331,0.0024600331,-0.079697887,-0.11349913,-0.095326958,-0.128918498,-0.108575954,-0.087767906
07/25/2018,0.0535533647,571,0.0009145272,,0.001885,3,-0.068775266,-0.133515106,-0.093403687,0.0025227439,-0.08073119,-0.114960551,-0.096558215,-0.128918498,-0.108575954,-0.087767906
07/26/2018,0.0168953173,572,0.0010205675,,0.001885,3,-0.072759485,-0.141149731,-0.098776599,0.0027129616,-0.083789259,-0.119285635,-0.100202128,-0.128918498,-0.108575954,-0.087767906
07/27/2018,-0.007767278,573,0.0009744832,,0.001885,3,-0.071054716,-0.137883024,-0.096477635,0.0024469328,-0.079480374,-0.113191496,-0.095067774,-0.128918498,-0.108575954,-0.087767906
07/28/2018,-0.019993369,574,0.000929093,,0.001885,3,-0.069335748,-0.134589112,-0.094159525,0.002423125,-0.079083578,-0.112630301,-0.094594963,-0.128918498,-0.108575954,-0.087767906
07/29/2018,0.0193736219,575,0.000906062,,0.001885,3,-0.068447477,-0.132886993,-0.092961649,0.0024546103,-0.079607919,-0.113371887,-0.095219755,-0.128918498,-0.108575954,-0.087767906
07/30/2018,0.0029398517,576,0.0008763637,,0.001885,3,-0.067285221,-0.130659859,-0.091394291,0.0024518897,-0.079562744,-0.113307994,-0.095165924,-0.128918498,-0.108575954,-0.087767906
07/31/2018,-0.007730351,577,0.0008331543,,0.001885,3,-0.065558445,-0.127350982,-0.089065649,0.0024095837,-0.078857021,-0.112309878,-0.094325004,-0.128918498,-0.108575954,-0.087767906
08/01/2018,-0.028189689,578,0.0007981272,,0.001885,3,-0.064125511,-0.124605171,-0.087133269,0.0024107191,-0.078876042,-0.112336779,-0.094347669,-0.128918498,-0.108575954,-0.087767906
08/02/2018,-0.044679311,579,0.0007965404,,0.001885,3,-0.064059863,-0.124479375,-0.087044739,0.0024882199,-0.080163939,-0.114158275,-0.095882292,-0.128918498,-0.108575954,-0.087767906
08/03/2018,0.0029385372,580,0.0008569578,,0.001885,3,-0.066515096,-0.129184133,-0.090355739,0.0026156138,-0.082238118,-0.117091827,-0.09835383,-0.128918498,-0.108575954,-0.087767906
08/04/2018,-0.026510047,581,0.0008219,,0.001885,3,-0.065101383,-0.126475154,-0.08844928,0.0024021556,-0.078732473,-0.112133727,-0.094176596,-0.128918498,-0.108575954,-0.087767906
08/05/2018,-0.020042648,582,0.0008187765,,0.001885,3,-0.064973976,-0.126231014,-0.088277465,0.0008384047,-0.045742349,-0.065475165,-0.054866439,-0.128918498,-0.108575954,-0.087767906
08/06/2018,-0.034966683,583,0.0007990253,,0.001885,3,-0.06416264,-0.124676319,-0.087183339,0.0008119241,-0.044984175,-0.064402864,-0.053963018,-0.128918498,-0.108575954,-0.087767906
08/07/2018,-0.001521316,584,0.0008117899,,0.001885,3,-0.064688114,-0.125683239,-0.087891965,0.0008318848,-0.0455568,-0.065212739,-0.054645344,-0.128918498,-0.108575954,-0.087767906
08/08/2018,0.0007773316,585,0.0007699666,,0.001885,3,-0.062950524,-0.122353643,-0.085548743,0.0007817407,-0.044104745,-0.063159069,-0.052915113,-0.128918498,-0.108575954,-0.087767906
08/09/2018,-0.080846036,586,0.0007330948,,0.001885,3,-0.061379079,-0.119342414,-0.083429573,0.0007337449,-0.042670596,-0.061130726,-0.05120622,-0.128918498,-0.108575954,-0.087767906
08/10/2018,-0.00834345,587,0.0010432891,,0.001885,3,-0.073585838,-0.142733202,-0.099890976,0.0010687584,-0.051888594,-0.074167916,-0.062190141,-0.128918498,-0.108575954,-0.087767906
08/11/2018,-0.000043434,588,0.0009884399,,0.001885,3,-0.071575186,-0.138880358,-0.097179515,0.0023853143,-0.078449376,-0.111733336,-0.093839264,-0.128918498,-0.108575954,-0.087767906
08/12/2018,-0.031902161,589,0.0009415949,,0.001885,3,-0.069813317,-0.135504237,-0.094803549,0.0023782426,-0.078330205,-0.111564791,-0.093697264,-0.128918498,-0.108575954,-0.087767906
08/13/2018,0.0184670345,590,0.0009310673,,0.001885,3,-0.069411379,-0.134734036,-0.094261516,0.0009618346,-0.049127852,-0.070263346,-0.058900514,-0.128918498,-0.108575954,-0.087767906
08/14/2018,0.0056782837,591,0.0009057218,,0.001885,3,-0.06843427,-0.132861685,-0.092943838,0.0009386431,-0.048509097,-0.069388228,-0.058163222,-0.128918498,-0.108575954,-0.087767906
08/15/2018,-0.047779244,592,0.0008663973,,0.001885,3,-0.066890781,-0.129904026,-0.090862368,0.0008884421,-0.047142984,-0.06745611,-0.056535398,-0.128918498,-0.108575954,-0.087767906
08/16/2018,0.0502351436,593,0.0009297226,,0.001885,3,-0.069359874,-0.134635341,-0.094192059,0.000969406,-0.04932824,-0.070546758,-0.059139291,-0.128918498,-0.108575954,-0.087767906
08/17/2018,-0.003155801,594,0.001066732,,0.001885,3,-0.074429047,-0.144348973,-0.101028084,0.001078746,-0.052139267,-0.074522447,-0.062488836,-0.128918498,-0.108575954,-0.087767906
08/18/2018,0.0209486132,595,0.0010078543,,0.001885,3,-0.072293107,-0.140256051,-0.098147666,0.0010257661,-0.050795938,-0.072622552,-0.060888161,-0.128918498,-0.108575954,-0.087767906
08/19/2018,-0.006222778,596,0.0009815996,,0.001885,3,-0.071320563,-0.138392445,-0.096836143,0.0010044389,-0.050245408,-0.071843926,-0.060232164,-0.128918498,-0.108575954,-0.087767906
08/20/2018,-0.005086538,597,0.0009311333,,0.001885,3,-0.069413904,-0.134738875,-0.094264922,0.0009683497,-0.049300329,-0.070507284,-0.059106033,-0.128918498,-0.108575954,-0.087767906
08/21/2018,0.0047506484,598,0.0008712883,,0.001885,3,-0.067084635,-0.130275493,-0.091123791,0.0009186073,-0.047968356,-0.068623448,-0.057518889,-0.128918498,-0.108575954,-0.087767906
08/22/2018,-0.00519065,599,0.0008293301,,0.001885,3,-0.065403483,-0.127054042,-0.088856676,0.0008737591,-0.046736165,-0.066880738,-0.056050644,-0.128918498,-0.108575954,-0.087767906
08/23/2018,0.0268167488,600,0.0007841643,,0.001885,3,-0.063545554,-0.123493849,-0.086351169,0.0008272252,-0.045423746,-0.065024558,-0.0544868,-0.128918498,-0.108575954,-0.087767906
08/24/2018,-0.02157598,601,0.0007918885,,0.001885,3,-0.063867015,-0.124109837,-0.086784674,0.0008350848,-0.045647957,-0.065341664,-0.054753963,-0.128918498,-0.108575954,-0.087767906
08/25/2018,0.016761007,602,0.0007748118,,0.001885,3,-0.0631542,-0.12274393,-0.085823409,0.000817409,-0.045142219,-0.064626389,-0.054151339,-0.128918498,-0.108575954,-0.087767906
08/26/2018,0.0265087562,603,0.0007478412,,0.001885,3,-0.062012197,-0.120555606,-0.084283364,0.0007943884,-0.044475282,-0.063683128,-0.053356635,-0.128918498,-0.108575954,-0.087767906
08/27/2018,-0.006892596,604,0.0007454859,,0.001885,3,-0.061911494,-0.120362637,-0.084147561,0.0007992431,-0.044616724,-0.063883172,-0.053525174,-0.128918498,-0.108575954,-0.087767906
08/28/2018,0.0068683262,605,0.0007258304,,0.001885,3,-0.06106485,-0.118740284,-0.08300582,0.0007579217,-0.043398692,-0.062160486,-0.052073799,-0.128918498,-0.108575954,-0.087767906
08/29/2018,0.040936918,606,0.0006896136,,0.001885,3,-0.059474257,-0.115692363,-0.080860828,0.0007254394,-0.042417709,-0.060773063,-0.050904886,-0.128918498,-0.108575954,-0.087188292
08/30/2018,0.0077181552,607,0.0007496197,,0.001885,3,-0.062088129,-0.120701107,-0.084385761,0.0007930867,-0.044437281,-0.063629382,-0.053311354,-0.128918498,-0.108575954,-0.087188292
08/31/2018,-0.01739008,608,0.0007144671,,0.001885,3,-0.060570151,-0.117792334,-0.082338695,0.000754716,-0.043302828,-0.062024903,-0.05195957,-0.128918498,-0.108575954,-0.087188292
09/01/2018,0.007083758,609,0.0006869578,,0.001885,3,-0.059355992,-0.115465742,-0.080701342,0.000727251,-0.042472993,-0.060851252,-0.050970761,-0.128918498,-0.108575954,-0.087188292
09/02/2018,0.016900412,610,0.0006615482,,0.001885,3,-0.058212716,-0.113274979,-0.07915958,0.0006917509,-0.041376806,-0.059300894,-0.049664574,-0.128918498,-0.108575954,-0.086876581
09/03/2018,0.0204885453,611,0.0006373657,,0.001885,3,-0.057104075,-0.111150583,-0.077664524,0.000670968,-0.040721978,-0.058374758,-0.048884298,-0.128918498,-0.108575954,-0.086876581
09/04/2018,0.0017939146,612,0.000627835,,0.001885,3,-0.056661377,-0.110302279,-0.077067525,0.0006710651,-0.040725061,-0.058379119,-0.048887971,-0.128918498,-0.108575954,-0.086876581
09/05/2018,0.0090354556,613,0.0005947301,,0.001885,3,-0.055096947,-0.107304493,-0.074957816,0.0006288453,-0.039362899,-0.056452586,-0.047264855,-0.128918498,-0.108575954,-0.086876581
09/06/2018,-0.029612195,614,0.00057378,,0.001885,3,-0.054084324,-0.105364088,-0.073592245,0.0005952947,-0.038247479,-0.054875026,-0.04593575,-0.128918498,-0.108575954,-0.086876581
09/07/2018,-0.100450607,615,0.000586419,,0.001885,3,-0.054697398,-0.106538869,-0.074419003,0.000612238,-0.038814593,-0.055677107,-0.046611509,-0.128918498,-0.108575954,-0.086876581
09/08/2018,0.0017910289,616,0.0011592335,,0.001885,3,-0.07766904,-0.1505575,-0.105397371,0.0011777671,-0.054564344,-0.077952281,-0.065378494,-0.128918498,-0.108575954,-0.086876581
09/09/2018,-0.012286035,617,0.0011005583,,0.001885,3,-0.075629568,-0.146649431,-0.102647045,0.0019343981,-0.070458864,-0.100432203,-0.084317982,-0.128918498,-0.108575954,-0.086876581
09/10/2018,-0.012595536,618,0.0010482574,,0.001885,3,-0.073765326,-0.143077139,-0.100133024,0.0019263892,-0.070308947,-0.100220172,-0.084139345,-0.128918498,-0.108575954,-0.086876581
09/11/2018,0.0018200232,619,0.0010046532,,0.001885,3,-0.072175214,-0.140030141,-0.097988681,0.0018935861,-0.06969164,-0.099347104,-0.083403779,-0.128918498,-0.108575954,-0.086876581
09/12/2018,-0.000247234,620,0.000943108,,0.001885,3,-0.069870904,-0.135614586,-0.094881209,0.0009845846,-0.049727618,-0.071111606,-0.059615179,-0.128918498,-0.108575954,-0.086876581
09/13/2018,-0.00368884,621,0.0008923113,,0.001885,3,-0.067911742,-0.131860408,-0.092239184,0.0009404797,-0.048558374,-0.069457923,-0.05822194,-0.128918498,-0.108575954,-0.086876581
09/14/2018,0.0278312899,622,0.0008487327,,0.001885,3,-0.066186054,-0.128553618,-0.089912011,0.0009059476,-0.047623641,-0.068135911,-0.057108136,-0.128918498,-0.108575954,-0.086876581
09/15/2018,0.0075500176,623,0.0008424668,,0.001885,3,-0.065934315,-0.12807123,-0.089572528,0.0009138536,-0.047839195,-0.068440774,-0.057364985,-0.128918498,-0.108575954,-0.086876581
09/16/2018,0.0030101306,624,0.0008162441,,0.001885,3,-0.064870499,-0.12603273,-0.088137921,0.0008782568,-0.046861144,-0.067057497,-0.056199565,-0.128918498,-0.108575954,-0.086876581
09/17/2018,-0.005848152,625,0.0007878463,,0.001885,3,-0.063698987,-0.12378786,-0.086558081,0.0008423298,-0.045853704,-0.065632656,-0.054999127,-0.128918498,-0.108575954,-0.080846036
09/18/2018,-0.012428048,626,0.0008198653,,0.001885,3,-0.065018416,-0.12631617,-0.088337394,0.0008047412,-0.044776395,-0.064108998,-0.053715434,-0.128918498,-0.108575954,-0.080846036
09/19/2018,-0.016377032,627,0.0007366665,,0.001885,3,-0.061533005,-0.11963737,-0.083637149,0.0007726639,-0.043836973,-0.062780354,-0.052596043,-0.128918498,-0.108575954,-0.080846036
09/20/2018,0.0062054629,628,0.0007040036,,0.001885,3,-0.060111131,-0.116912752,-0.081719684,0.0007509818,-0.043190899,-0.0618666,-0.051826198,-0.118355507,-0.104253142,-0.078276757
09/21/2018,0.0129739117,629,0.0006847888,,0.001885,3,-0.059259232,-0.115280329,-0.080570856,0.0007208975,-0.042278806,-0.06057661,-0.050739373,-0.118355507,-0.104253142,-0.078276757
09/22/2018,0.0384242767,630,0.000669327,,0.001885,3,-0.058565011,-0.113950052,-0.079634667,0.0006999978,-0.041633921,-0.059664536,-0.049970944,-0.118355507,-0.104253142,-0.078276757
09/23/2018,0.0058780011,631,0.0007690182,,0.001885,3,-0.06291058,-0.122277101,-0.085494876,0.0007557403,-0.04333348,-0.062068255,-0.051996094,-0.118355507,-0.104253142,-0.078276757
09/24/2018,0.000168781,632,0.000688547,,0.001885,3,-0.059426787,-0.1156014,-0.080796813,0.0007254738,-0.04241876,-0.060774549,-0.050906138,-0.118355507,-0.104253142,-0.078276757
09/25/2018,-0.010658104,633,0.0006556208,,0.001885,3,-0.057942875,-0.112757905,-0.078795686,0.0006891565,-0.041295604,-0.059186048,-0.049567815,-0.116061564,-0.100450607,-0.077399418
09/26/2018,-0.034764321,634,0.000622325,,0.001885,3,-0.056403903,-0.109808902,-0.076720308,0.0006585446,-0.040325688,-0.057814277,-0.048412089,-0.116061564,-0.100450607,-0.077399418
09/27/2018,0.0087217545,635,0.0006481859,,0.001885,3,-0.057602678,-0.112106014,-0.078336914,0.0006849027,-0.041162134,-0.058997279,-0.049408775,-0.116061564,-0.100450607,-0.077399418
09/28/2018,0.0102806878,636,0.0006166261,,0.001885,3,-0.056136405,-0.109296317,-0.076359574,0.0006577135,-0.040299045,-0.057776595,-0.048380342,-0.116061564,-0.100450607,-0.077399418
09/29/2018,0.0214747941,637,0.0005948954,,0.001885,3,-0.055104864,-0.107319662,-0.074968491,0.0006352834,-0.039573505,-0.05675045,-0.047515807,-0.116061564,-0.100450607,-0.077399418
09/30/2018,-0.01918264,638,0.0005893204,,0.001885,3,-0.054837198,-0.106806757,-0.074607531,0.0006428577,-0.039819921,-0.057098962,-0.047809431,-0.109936084,-0.096219135,-0.074487788
10/01/2018,0.0064915173,639,0.0005801681,,0.001885,3,-0.054395023,-0.105959454,-0.074011236,0.0006355957,-0.039583694,-0.056764861,-0.047527948,-0.109936084,-0.096219135,-0.072049999
10/02/2018,-0.000328679,640,0.0005626291,,0.001885,3,-0.0535378,-0.10431683,-0.072855231,0.0006111984,-0.038780024,-0.055628216,-0.046570317,-0.109936084,-0.096219135,-0.072049999
10/03/2018,-0.004307063,641,0.0005323368,,0.001885,3,-0.052025167,-0.101418298,-0.070815371,0.000573393,-0.037502303,-0.05382111,-0.045047818,-0.109936084,-0.096219135,-0.072049999
10/04/2018,-0.014154898,642,0.0005022339,,0.001885,3,-0.050478721,-0.098454973,-0.068729914,0.0005362437,-0.036205024,-0.051986343,-0.043502014,-0.109936084,-0.096219135,-0.072049999
10/05/2018,0.0143052329,643,0.0004840006,,0.001885,3,-0.049519423,-0.09661675,-0.067436254,0.0005099392,-0.035259064,-0.050648454,-0.042374834,-0.109936084,-0.096219135,-0.072049999
10/06/2018,0.0007494315,644,0.0004764869,,0.001885,3,-0.049118858,-0.095849181,-0.066896073,0.0004940932,-0.034677399,-0.049825795,-0.041681738,-0.109936084,-0.096219135,-0.072049999
10/07/2018,0.0019676759,645,0.0004505327,,0.001885,3,-0.047710327,-0.093150132,-0.064996602,0.0004572117,-0.033286351,-0.047858408,-0.040024201,-0.109936084,-0.096219135,-0.072049999
10/08/2018,-0.003493021,646,0.0004336824,,0.001885,3,-0.046774042,-0.091356007,-0.063733976,0.0004229787,-0.031944045,-0.045959959,-0.038424745,-0.109936084,-0.096219135,-0.072049999
10/09/2018,0.0091113498,647,0.0004130876,,0.001885,3,-0.045604628,-0.089115159,-0.062156966,0.0004131121,-0.031547163,-0.045398642,-0.037951831,-0.109936084,-0.087767906,-0.070519859
10/10/2018,0.0004749106,648,0.0003885529,,0.001885,3,-0.044172766,-0.0863714,-0.06022603,0.0003950904,-0.030809813,-0.044355794,-0.037073225,-0.109936084,-0.087767906,-0.070519859
10/11/2018,-0.008904684,649,0.000363496,,0.001885,3,-0.042662942,-0.083478252,-0.05818996,0.0003959729,-0.030846306,-0.044407407,-0.037116709,-0.109936084,-0.080846036,-0.064985929
10/12/2018,-0.049086039,650,0.0003436703,,0.001885,3,-0.041431058,-0.081117696,-0.056528705,0.0003752922,-0.029980113,-0.043182333,-0.036084576,-0.109936084,-0.080846036,-0.064985929
10/13/2018,0.0019018059,651,0.0004813814,,0.001885,3,-0.049380144,-0.096349862,-0.067248431,0.0004661579,-0.033628777,-0.048342708,-0.040432227,-0.109936084,-0.080846036,-0.064985929
10/14/2018,0.0000183689,652,0.0004631288,,0.001885,3,-0.048398844,-0.09446948,-0.065925101,0.0004473077,-0.03290333,-0.047316695,-0.039567804,-0.109936084,-0.080846036,-0.061811005
10/15/2018,0.0061709104,653,0.0004170725,,0.001885,3,-0.045833133,-0.089553023,-0.062465116,0.0004306727,-0.032250333,-0.046393149,-0.03878971,-0.104253142,-0.078276757,-0.061448035
10/16/2018,0.0240245009,654,0.0003866028,,0.001885,3,-0.044057037,-0.08614964,-0.060069965,0.000413599,-0.03156686,-0.0454265,-0.037975302,-0.104253142,-0.078276757,-0.061448035
10/17/2018,0.0220783846,655,0.0004063967,,0.001885,3,-0.045218456,-0.08837517,-0.061636194,0.0004220541,-0.031907051,-0.045907639,-0.038380664,-0.104253142,-0.078276757,-0.061448035
10/18/2018,-0.000051873,656,0.0004112592,,0.001885,3,-0.045499415,-0.088913547,-0.062015081,0.0004248073,-0.032017087,-0.046063265,-0.038511781,-0.104253142,-0.078276757,-0.061448035
10/19/2018,-0.004289691,657,0.0003923623,,0.001885,3,-0.044397987,-0.086802973,-0.060529752,0.0004078997,-0.031335582,-0.045099399,-0.037699717,-0.104253142,-0.078276757,-0.061448035
10/20/2018,-0.012346937,658,0.0003726716,,0.001885,3,-0.043221694,-0.084548941,-0.058943463,0.0003909949,-0.030639914,-0.044115503,-0.036870778,-0.104253142,-0.078276757,-0.061448035
10/21/2018,0.0002129528,659,0.0003540939,,0.001885,3,-0.042083041,-0.082367036,-0.057407935,0.0003783936,-0.030111508,-0.043368168,-0.036241143,-0.104253142,-0.078276757,-0.061448035
10/22/2018,0.0065705964,660,0.0003378459,,0.001885,3,-0.041062436,-0.080411336,-0.0560316,0.000363241,-0.029464323,-0.042452842,-0.035469974,-0.104253142,-0.078276757,-0.061448035
10/23/2018,-0.00508299,661,0.0003208172,,0.001885,3,-0.039966097,-0.078310513,-0.054553134,0.0003489191,-0.02884009,-0.041569977,-0.034726155,-0.104253142,-0.078276757,-0.061448035
10/24/2018,-0.002628653,662,0.0003038863,,0.001885,3,-0.038846805,-0.07616571,-0.053043716,0.0003349285,-0.028217801,-0.040689862,-0.033984652,-0.104253142,-0.078276757,-0.061448035
10/25/2018,0.004139274,663,0.0002877045,,0.001885,3,-0.037747501,-0.074059205,-0.051561251,0.0003200464,-0.02754142,-0.039733243,-0.033178693,-0.104253142,-0.078276757,-0.061448035
10/26/2018,-0.004655266,664,0.0002669087,,0.001885,3,-0.03628829,-0.071263041,-0.049593434,0.0003049839,-0.026840625,-0.038742096,-0.032343645,-0.104253142,-0.078276757,-0.061448035
10/27/2018,-0.000668502,665,0.0002522827,,0.001885,3,-0.035227657,-0.069230639,-0.048163119,0.0002906406,-0.026157018,-0.037775257,-0.031529077,-0.104253142,-0.078276757,-0.061448035
10/28/2018,-0.001211133,666,0.000236321,,0.001885,3,-0.034034444,-0.066944186,-0.046554015,0.0002749225,-0.02538822,-0.036687932,-0.030612998,-0.104253142,-0.078276757,-0.061448035
10/29/2018,-0.002740538,667,0.0002220522,,0.001885,3,-0.032933181,-0.064833927,-0.045068907,0.0002604578,-0.02466106,-0.035659495,-0.029746533,-0.104253142,-0.078276757,-0.061448035
10/30/2018,-0.010218138,668,0.000204476,,0.001885,3,-0.0315268,-0.062138997,-0.043172335,0.0002450307,-0.023862895,-0.034530635,-0.028795461,-0.104253142,-0.078276757,-0.061448035
10/31/2018,-0.011537282,669,0.0001995965,,0.001885,3,-0.031125736,-0.061370473,-0.042631482,0.0002340738,-0.023280643,-0.033707144,-0.028101665,-0.104253142,-0.074487788,-0.061098603
11/01/2018,0.0001317475,670,0.0001999243,,0.001885,3,-0.031152826,-0.061422382,-0.042668013,0.0002251793,-0.022797883,-0.033024368,-0.027526421,-0.104253142,-0.074487788,-0.061098603
11/02/2018,0.0050577468,671,0.0001834645,,0.001885,3,-0.02976363,-0.058760383,-0.040794615,0.0002106689,-0.021989374,-0.031880879,-0.026563023,-0.104253142,-0.074487788,-0.061098603
11/03/2018,0.0071317653,672,0.0001777424,,0.001885,3,-0.029266174,-0.05780715,-0.040123772,0.000199879,-0.021369959,-0.031004828,-0.025824945,-0.104253142,-0.074487788,-0.061098603
11/04/2018,-0.003745193,673,0.0001644036,,0.001885,3,-0.028074509,-0.055523662,-0.038516754,0.0001904368,-0.020814042,-0.030218584,-0.025162528,-0.104253142,-0.074487788,-0.061098603
11/05/2018,0.0044023634,674,0.0001534518,,0.001885,3,-0.027059441,-0.053578573,-0.037147887,0.0001773972,-0.020023148,-0.029100008,-0.02422012,-0.104253142,-0.074487788,-0.061098603
11/06/2018,0.0070297639,675,0.0001467067,,0.001885,3,-0.026416159,-0.052345905,-0.03628039,0.0001670293,-0.01937331,-0.028180929,-0.023445791,-0.104253142,-0.074487788,-0.061098603
11/07/2018,0.0013024313,676,0.0001455422,,0.001885,3,-0.026303614,-0.052130244,-0.036128617,0.0001596134,-0.018896038,-0.027505915,-0.022877086,-0.104253142,-0.074487788,-0.061098603
11/08/2018,0.014392546,677,0.0001344706,,0.001885,3,-0.025210251,-0.050035125,-0.034654165,0.0001484769,-0.01815797,-0.026462051,-0.021997624,-0.104253142,-0.074487788,-0.061098603
11/09/2018,-0.008067324,678,0.0001477896,,0.001885,3,-0.026520414,-0.05254568,-0.036420982,0.0001540421,-0.018530135,-0.026988411,-0.022441086,-0.104253142,-0.074487788,-0.061098603
11/10/2018,-0.01162574,679,0.0001443967,,0.001885,3,-0.026192471,-0.051917271,-0.035978736,0.0001460955,-0.017996589,-0.026233807,-0.021805327,-0.104253142,-0.074487788,-0.061098603
11/11/2018,-0.001912132,680,0.0001432294,,0.001885,3,-0.026078747,-0.051699351,-0.035825374,0.0001422321,-0.017731959,-0.025859536,-0.021490001,-0.104253142,-0.074487788,-0.061098603
11/12/2018,-0.003250298,681,0.0001301473,,0.001885,3,-0.024771127,-0.049193669,-0.034061985,0.0001313831,-0.016968971,-0.024780427,-0.020580844,-0.104253142,-0.074487788,-0.061098603
11/13/2018,0.0037039094,682,0.0001241619,,0.001885,3,-0.024150966,-0.048005306,-0.033225667,0.0001229547,-0.0163542,-0.023910944,-0.019848299,-0.104253142,-0.072049999,-0.060396107
11/14/2018,-0.004677217,683,0.0001203092,,0.001885,3,-0.023743848,-0.04722518,-0.032676649,0.0001165906,-0.01587591,-0.02323449,-0.019278381,-0.104253142,-0.072049999,-0.059079608
11/15/2018,-0.031227422,684,0.0001149389,,0.001885,3,-0.02316532,-0.046116595,-0.031896476,0.000110568,-0.015411105,-0.022577107,-0.018724532,-0.104253142,-0.072049999,-0.050805462
11/16/2018,-0.095222265,685,0.0002199274,,0.001885,3,-0.032766195,-0.064513946,-0.044843719,0.0001635581,-0.019151256,-0.027866874,-0.023181197,-0.104253142,-0.072049999,-0.050805462
11/17/2018,-0.003387189,686,0.0015184769,,0.001885,3,-0.089165156,-0.172586542,-0.120900438,0.0012963552,-0.057338096,-0.081875251,-0.068683623,-0.104253142,-0.080846036,-0.059079608
11/18/2018,-0.006804345,687,0.0013790509,,0.001885,3,-0.084884442,-0.164383768,-0.115127688,0.0009294072,-0.048260556,-0.069036713,-0.057867068,-0.104253142,-0.080846036,-0.059079608
11/19/2018,0.0085632201,688,0.0013111802,,0.001885,3,-0.082722308,-0.160240653,-0.112211947,0.0009155799,-0.047886139,-0.068507168,-0.057420922,-0.104253142,-0.080846036,-0.050805462
11/20/2018,-0.055394919,689,0.0011862521,,0.001885,3,-0.078590789,-0.15232377,-0.106640394,0.0009160202,-0.047898105,-0.068524091,-0.05743518,-0.104253142,-0.080846036,-0.050805462
11/21/2018,-0.126869588,690,0.0015621046,,0.001885,3,-0.09046388,-0.175075177,-0.122651829,0.0008753067,-0.046779205,-0.066941609,-0.056101928,-0.100450607,-0.072049999,-0.050805462
11/22/2018,-0.030046669,691,0.0054180721,,0.001885,3,-0.170103109,-0.327681147,-0.230049168,0.0075751452,-0.141275597,-0.200589661,-0.168701325,-0.104253142,-0.080846036,-0.055394919
11/23/2018,0.0033287568,692,0.0051737998,,0.001885,3,-0.166181385,-0.320166276,-0.224760535,0.0009969254,-0.050050067,-0.071567652,-0.059999401,-0.104253142,-0.080846036,-0.055394919
11/24/2018,-0.054078732,693,0.0050071091,,0.001885,3,-0.163451821,-0.314935843,-0.221079587,0.0006884861,-0.041274596,-0.059156335,-0.049542782,-0.104253142,-0.080846036,-0.050805462
11/25/2018,-0.003602548,694,0.0053956273,,0.001885,3,-0.169746503,-0.326997813,-0.229568268,0.0016861316,-0.065657107,-0.093640986,-0.078596336,-0.104253142,-0.080846036,-0.054078732
11/26/2018,-0.116012347,695,0.0057140202,,0.001885,3,-0.174737855,-0.336562322,-0.236299347,0.000707721,-0.041873334,-0.060003143,-0.050256223,-0.104253142,-0.080846036,-0.054078732
11/27/2018,0.0250592644,696,0.0044714141,,0.001885,3,-0.15435727,-0.297508718,-0.208815146,0.003021281,-0.088526573,-0.125985709,-0.105846986,-0.109936084,-0.087767906,-0.055394919
11/28/2018,-0.044027919,697,0.0091565857,,0.001885,3,-0.221700002,-0.426551943,-0.299630067,0.0009609811,-0.049105213,-0.070231327,-0.058873538,-0.109936084,-0.087767906,-0.055394919
11/29/2018,0.0896283907,698,0.0091268175,,0.001885,3,-0.221336267,-0.425854948,-0.299139552,0.001072646,-0.051986305,-0.074306111,-0.062306572,-0.109936084,-0.087767906,-0.055394919
11/30/2018,0.038327852,699,0.0099776305,,0.001885,3,-0.231508939,-0.445347986,-0.312857891,0.002767449,-0.084645324,-0.120496384,-0.101222192,-0.109936084,-0.087767906,-0.055394919
12/01/2018,-0.037495286,700,0.0084747049,,0.001885,3,-0.213213904,-0.410290745,-0.288186154,0.0011837005,-0.054706356,-0.078153131,-0.065547712,-0.109936084,-0.087767906,-0.055394919
12/02/2018,0.0024091101,701,0.0073983587,,0.001885,3,-0.199090739,-0.383227709,-0.269140385,0.0011162877,-0.053071279,-0.07584061,-0.063599397,-0.109936084,-0.087767906,-0.055394919
12/03/2018,0.0122568362,702,0.0074739302,,0.001885,3,-0.200114576,-0.385189602,-0.270521078,0.0008445366,-0.045916197,-0.065721042,-0.055073592,-0.109936084,-0.087767906,-0.055394919
12/04/2018,-0.049185269,703,0.0077448846,,0.001885,3,-0.203743546,-0.392143492,-0.275414919,0.0008770701,-0.046828199,-0.067010902,-0.056160308,-0.109936084,-0.087767906,-0.055394919
12/05/2018,-0.001521206,704,0.0070081052,,0.001885,3,-0.193718338,-0.372933029,-0.261895444,0.0015849372,-0.063598963,-0.090730114,-0.076143906,-0.109936084,-0.087767906,-0.055394919
12/06/2018,-0.026381644,705,0.0061374959,,0.001885,3,-0.181165787,-0.348879629,-0.244967724,0.0007562649,-0.043349173,-0.06209045,-0.052014794,-0.109936084,-0.080846036,-0.054078732
12/07/2018,-0.030367126,706,0.0060542897,,0.001885,3,-0.179920743,-0.346493855,-0.243288722,0.0009317409,-0.048323472,-0.069125696,-0.057942036,-0.109936084,-0.080846036,-0.054078732
12/08/2018,-0.09443843,707,0.0053350937,,0.001885,3,-0.168781021,-0.325147741,-0.228266269,0.0009949802,-0.049999373,-0.071495954,-0.059938995,-0.109936084,-0.080846036,-0.054078732
12/09/2018,0.0086820423,708,0.0072128265,,0.001885,3,-0.196554759,-0.378368224,-0.265720494,0.0038653161,-0.100378543,-0.142748176,-0.119969479,-0.109936084,-0.087767906,-0.055394919
12/10/2018,0.0268429126,709,0.0075033655,,0.001885,3,-0.200511961,-0.385951078,-0.271056972,0.0008131109,-0.045018417,-0.064451293,-0.05400382,-0.109936084,-0.087767906,-0.055394919
12/11/2018,-0.001373457,710,0.0072579838,,0.001885,3,-0.197174974,-0.37955669,-0.266556884,0.0010094838,-0.050376157,-0.072028847,-0.060387961,-0.109936084,-0.087767906,-0.055394919
12/12/2018,-0.028136501,711,0.0065497129,,0.001885,3,-0.187213074,-0.360467538,-0.253122782,0.0008102753,-0.044936561,-0.064335522,-0.053906282,-0.109936084,-0.080846036,-0.054078732
12/13/2018,0.0104091541,712,0.0056765804,,0.001885,3,-0.174158265,-0.335451702,-0.235517742,0.0009473293,-0.048741733,-0.06971725,-0.058440425,-0.109936084,-0.080846036,-0.054078732
12/14/2018,-0.016095584,713,0.005946874,,0.001885,3,-0.178300721,-0.343389542,-0.241104043,0.0008361539,-0.045678375,-0.065384685,-0.054790209,-0.109936084,-0.080846036,-0.054078732
12/15/2018,-0.038414808,714,0.0058756911,,0.001885,3,-0.177219082,-0.341316889,-0.239645401,0.0008320928,-0.045562731,-0.065221127,-0.054652411,-0.109936084,-0.080846036,-0.054078732
12/16/2018,-0.016321908,715,0.0053220736,,0.001885,3,-0.168572642,-0.324748442,-0.22798526,0.0010913342,-0.052453563,-0.074966962,-0.062863343,-0.109936084,-0.080846036,-0.054078732
12/17/2018,0.0141428976,716,0.0053052252,,0.001885,3,-0.168302614,-0.324231011,-0.227621115,0.0008268476,-0.045412948,-0.065009286,-0.054473933,-0.109936084,-0.080846036,-0.054078732
12/18/2018,0.036370501,717,0.0050370365,,0.001885,3,-0.163945193,-0.315881249,-0.221744922,0.0008430474,-0.045874034,-0.06566141,-0.055023351,-0.109936084,-0.080846036,-0.054078732
12/19/2018,0.0503175517,718,0.0048681147,,0.001885,3,-0.161140847,-0.310507518,-0.217963127,0.001247196,-0.056204346,-0.080271766,-0.067332677,-0.109936084,-0.080846036,-0.054078732
12/20/2018,0.0652586165,719,0.0038399346,,0.001885,3,-0.142904832,-0.275563372,-0.193370981,0.0015021003,-0.061864744,-0.088277375,-0.074077457,-0.109936084,-0.080846036,-0.054078732
12/21/2018,0.0448825751,720,0.0041335408,,0.001885,3,-0.148338279,-0.285975031,-0.200698247,0.0022198946,-0.075613776,-0.107722894,-0.090460439,-0.109936084,-0.080846036,-0.054078732
12/22/2018,0.0081912059,721,0.0040802416,,0.001885,3,-0.147366625,-0.284113131,-0.199387924,0.0014984834,-0.061787945,-0.088168757,-0.073985945,-0.109936084,-0.080846036,-0.054078732
12/23/2018,-0.026402781,722,0.004089794,,0.001885,3,-0.147541231,-0.284447715,-0.199623389,0.0007470934,-0.04307405,-0.061701338,-0.051686964,-0.109936084,-0.080846036,-0.054078732
12/24/2018,0.029354179,723,0.0040105041,,0.001885,3,-0.146085661,-0.281658528,-0.197660483,0.0008745418,-0.046757938,-0.066911531,-0.056076587,-0.109936084,-0.080846036,-0.054078732
12/25/2018,0.0368336121,724,0.0038191147,,0.001885,3,-0.142511779,-0.274810198,-0.192840931,0.0010081157,-0.050340732,-0.071978745,-0.06034575,-0.109936084,-0.080846036,-0.054078732
12/26/2018,-0.091327025,725,0.0038041461,,0.001885,3,-0.142228528,-0.274267428,-0.192458953,0.0011910658,-0.054882147,-0.078401755,-0.065757179,-0.109936084,-0.080846036,-0.054078732
12/27/2018,0.0030105473,726,0.0051156029,,0.001885,3,-0.165233474,-0.318349875,-0.223482232,0.0043198885,-0.106224668,-0.151016463,-0.126935567,-0.109936084,-0.091327025,-0.055394919
12/28/2018,-0.020478139,727,0.0048097516,,0.001885,3,-0.160160657,-0.308629261,-0.216641293,0.0007574343,-0.043384132,-0.062139893,-0.052056449,-0.109936084,-0.091327025,-0.055394919
