Data,Robor_3m
01/08/1995,46.38
02/08/1995,46.38
03/08/1995,46.38
04/08/1995,46.13
07/08/1995,46.31
08/08/1995,46.06
09/08/1995,46.06
10/08/1995,46.06
11/08/1995,46.06
14/08/1995,46.06
15/08/1995,46.06
16/08/1995,46.06
17/08/1995,45.94
18/08/1995,45.56
21/08/1995,45.56
22/08/1995,45.31
23/08/1995,45.19
24/08/1995,45.19
25/08/1995,45.19
28/08/1995,45.19
29/08/1995,44.88
30/08/1995,44.88
31/08/1995,44.88
01/09/1995,44.13
04/09/1995,44
05/09/1995,43.88
06/09/1995,43.88
07/09/1995,43.88
08/09/1995,43.75
11/09/1995,43.63
12/09/1995,43.63
13/09/1995,43.63
14/09/1995,43.63
15/09/1995,43.38
18/09/1995,43.38
19/09/1995,43.38
20/09/1995,43.25
21/09/1995,43.25
22/09/1995,43.25
25/09/1995,43.25
26/09/1995,42.5
27/09/1995,42.5
28/09/1995,42.5
29/09/1995,42.5
02/10/1995,42.88
03/10/1995,42.88
04/10/1995,42.88
05/10/1995,42.88
06/10/1995,43
09/10/1995,43
10/10/1995,43
11/10/1995,43
12/10/1995,43
13/10/1995,42.13
16/10/1995,42.13
17/10/1995,42.13
18/10/1995,42.19
19/10/1995,42.19
20/10/1995,42.19
23/10/1995,41.94
24/10/1995,42.17
25/10/1995,42.17
26/10/1995,42.17
27/10/1995,42.17
30/10/1995,42.17
31/10/1995,42.19
01/11/1995,42.47
02/11/1995,42.53
03/11/1995,43.06
06/11/1995,43.42
07/11/1995,44.03
08/11/1995,44.22
09/11/1995,44.22
10/11/1995,44.33
13/11/1995,46.31
14/11/1995,46.75
15/11/1995,46.75
16/11/1995,46.92
17/11/1995,48
20/11/1995,48.33
21/11/1995,49
22/11/1995,49
23/11/1995,49.94
24/11/1995,50.44
27/11/1995,50.44
28/11/1995,50.39
29/11/1995,50.33
30/11/1995,50.33
04/12/1995,50.75
05/12/1995,51.86
06/12/1995,52.36
07/12/1995,52.42
08/12/1995,52.69
11/12/1995,53.03
12/12/1995,53.03
13/12/1995,53.28
14/12/1995,53.83
15/12/1995,53.28
18/12/1995,54.28
19/12/1995,54.67
20/12/1995,54.67
21/12/1995,54.67
22/12/1995,54.67
27/12/1995,54.67
28/12/1995,55
29/12/1995,55
03/01/1996,55
04/01/1996,55.22
05/01/1996,55.22
08/01/1996,55.61
09/01/1996,55.78
10/01/1996,55.56
11/01/1996,55.56
12/01/1996,55.56
15/01/1996,55.56
16/01/1996,55.56
17/01/1996,55.56
18/01/1996,55.56
19/01/1996,55.56
22/01/1996,56.33
23/01/1996,56.33
24/01/1996,56.33
25/01/1996,56.72
26/01/1996,56.78
29/01/1996,56.72
30/01/1996,56.72
31/01/1996,57.56
01/02/1996,57.56
02/02/1996,57.89
05/02/1996,59.06
06/02/1996,59.06
07/02/1996,59.06
08/02/1996,59.06
09/02/1996,59.22
12/02/1996,59.22
13/02/1996,59.22
14/02/1996,59.22
15/02/1996,59.22
16/02/1996,59.22
19/02/1996,59.42
20/02/1996,59.78
21/02/1996,59.89
22/02/1996,60.06
23/02/1996,60.06
26/02/1996,60.11
27/02/1996,60.47
28/02/1996,60.47
29/02/1996,60.47
01/03/1996,60.47
04/03/1996,60.19
05/03/1996,60.19
06/03/1996,61.08
07/03/1996,61.08
08/03/1996,61.47
11/03/1996,61.47
12/03/1996,61.47
13/03/1996,61.47
14/03/1996,61.47
15/03/1996,61.47
18/03/1996,61.47
19/03/1996,61.44
20/03/1996,61.75
21/03/1996,61.75
22/03/1996,61.75
25/03/1996,61.75
26/03/1996,61.72
27/03/1996,61.72
28/03/1996,61.72
29/03/1996,61.39
01/04/1996,61.11
02/04/1996,61.28
03/04/1996,60.97
04/04/1996,61.53
05/04/1996,61.53
08/04/1996,61.26
09/04/1996,60.43
10/04/1996,60.43
11/04/1996,60.43
12/04/1996,60.26
16/04/1996,59.82
17/04/1996,59.76
18/04/1996,59.69
19/04/1996,59.47
22/04/1996,59.08
23/04/1996,59.02
24/04/1996,58.52
25/04/1996,58.26
26/04/1996,58.19
29/04/1996,58.19
30/04/1996,57.81
02/05/1996,57.81
03/05/1996,57.67
06/05/1996,58.17
07/05/1996,58.64
08/05/1996,58.74
09/05/1996,58.69
10/05/1996,58.69
13/05/1996,58.55
14/05/1996,58.24
15/05/1996,58.24
16/05/1996,58.24
17/05/1996,58.24
20/05/1996,58.24
21/05/1996,58.64
22/05/1996,58.64
23/05/1996,58.64
24/05/1996,58.41
27/05/1996,57.61
28/05/1996,57.61
29/05/1996,57.61
30/05/1996,57.61
31/05/1996,57.61
03/06/1996,57.39
04/06/1996,57.39
05/06/1996,57.3
06/06/1996,57.3
07/06/1996,57.25
10/06/1996,57.25
11/06/1996,57.25
12/06/1996,57.25
13/06/1996,57.25
14/06/1996,57.25
17/06/1996,57.05
18/06/1996,57.05
19/06/1996,57.05
20/06/1996,57.05
21/06/1996,56.95
24/06/1996,56.77
25/06/1996,56.68
26/06/1996,56.68
27/06/1996,56.68
28/06/1996,56.23
01/07/1996,56.07
02/07/1996,56.07
03/07/1996,55.68
04/07/1996,55.68
05/07/1996,55.68
08/07/1996,55.82
09/07/1996,55.82
10/07/1996,55.77
11/07/1996,55.77
12/07/1996,55.68
15/07/1996,55.68
16/07/1996,55.09
17/07/1996,55.09
18/07/1996,55.09
19/07/1996,55.09
22/07/1996,55.13
23/07/1996,55.13
24/07/1996,55.04
25/07/1996,55.04
26/07/1996,55.13
29/07/1996,55.04
30/07/1996,55.04
31/07/1996,55.04
01/08/1996,55.04
02/08/1996,55.04
05/08/1996,55.04
06/08/1996,55.04
07/08/1996,55.04
08/08/1996,55.04
09/08/1996,54.83
12/08/1996,54.83
13/08/1996,54.83
14/08/1996,54.57
15/08/1996,54.57
16/08/1996,54.48
19/08/1996,54.48
20/08/1996,54.65
21/08/1996,54.43
22/08/1996,54.65
23/08/1996,54.43
26/08/1996,54.43
27/08/1996,54.65
28/08/1996,54.65
29/08/1996,54.65
30/08/1996,53.91
02/09/1996,53.91
03/09/1996,53.91
04/09/1996,53.74
05/09/1996,53.74
06/09/1996,53.83
09/09/1996,53.83
10/09/1996,53.93
11/09/1996,53.93
12/09/1996,54.11
13/09/1996,54.23
16/09/1996,54.33
17/09/1996,54.63
18/09/1996,54.71
19/09/1996,54.88
20/09/1996,54.96
23/09/1996,54.02
24/09/1996,54.1
25/09/1996,54.19
26/09/1996,54.33
27/09/1996,54.58
30/09/1996,54.67
01/10/1996,54.67
02/10/1996,54.67
03/10/1996,54.96
04/10/1996,54.83
07/10/1996,54.71
08/10/1996,54.71
09/10/1996,54.54
10/10/1996,54.54
11/10/1996,54.54
14/10/1996,54.54
15/10/1996,54.54
16/10/1996,54.54
17/10/1996,54.54
18/10/1996,54.46
21/10/1996,54.46
22/10/1996,54.25
23/10/1996,54.25
24/10/1996,53.96
25/10/1996,53.96
28/10/1996,54.08
29/10/1996,54.08
30/10/1996,54.08
31/10/1996,54.08
01/11/1996,54.08
04/11/1996,54.15
05/11/1996,53.94
06/11/1996,53.94
07/11/1996,53.69
08/11/1996,53.73
11/11/1996,53.77
12/11/1996,53.35
13/11/1996,53.35
14/11/1996,53.35
15/11/1996,53.44
18/11/1996,53.6
19/11/1996,53.6
20/11/1996,53.15
21/11/1996,53.15
22/11/1996,53.48
25/11/1996,53.52
26/11/1996,53.6
27/11/1996,53.6
28/11/1996,53.6
29/11/1996,53.6
02/12/1996,53.6
03/12/1996,53.69
04/12/1996,53.69
05/12/1996,53.69
06/12/1996,53.65
09/12/1996,53.65
10/12/1996,53.65
11/12/1996,53.65
12/12/1996,53.65
13/12/1996,53.65
16/12/1996,53.65
17/12/1996,53.69
18/12/1996,54.06
19/12/1996,54.06
20/12/1996,54.06
23/12/1996,54.27
24/12/1996,54.27
27/12/1996,54.27
06/01/1997,53.98
07/01/1997,54.19
08/01/1997,54.27
09/01/1997,54.46
10/01/1997,54.92
13/01/1997,54.79
14/01/1997,54.9
15/01/1997,55.1
16/01/1997,55.1
17/01/1997,55.44
20/01/1997,56.83
21/01/1997,57.08
22/01/1997,57.08
23/01/1997,57.08
24/01/1997,58.54
27/01/1997,59.04
28/01/1997,59.46
29/01/1997,59.83
30/01/1997,60.92
31/01/1997,61.38
03/02/1997,62.83
04/02/1997,65.94
05/02/1997,69.06
06/02/1997,70.65
07/02/1997,72.56
10/02/1997,73.17
11/02/1997,76.04
12/02/1997,80.31
13/02/1997,81.06
14/02/1997,82.44
17/02/1997,83.06
18/02/1997,82.94
19/02/1997,82.94
20/02/1997,84.52
21/02/1997,133.62
24/02/1997,144.29
25/02/1997,161.79
26/02/1997,182.25
27/02/1997,198.37
28/02/1997,198.37
03/03/1997,209.21
04/03/1997,225.87
05/03/1997,228.37
06/03/1997,228.37
07/03/1997,221.29
10/03/1997,209.42
11/03/1997,196.29
12/03/1997,200.04
13/03/1997,202.96
14/03/1997,202.96
17/03/1997,206.29
18/03/1997,196.92
19/03/1997,196.92
20/03/1997,198.75
21/03/1997,191.82
24/03/1997,188.86
25/03/1997,186.82
26/03/1997,189.13
27/03/1997,191.96
28/03/1997,193.7
31/03/1997,196.91
01/04/1997,196.7
02/04/1997,196.48
03/04/1997,194.87
04/04/1997,193.22
07/04/1997,184.61
08/04/1997,179.39
09/04/1997,179.39
10/04/1997,176.52
11/04/1997,175.43
14/04/1997,172.39
15/04/1997,164.35
16/04/1997,164.35
17/04/1997,161.96
18/04/1997,158.91
21/04/1997,153.91
22/04/1997,153.91
23/04/1997,148.26
24/04/1997,147.17
25/04/1997,147.17
29/04/1997,143.04
30/04/1997,142.17
02/05/1997,141.52
05/05/1997,138.91
06/05/1997,137.04
07/05/1997,135.09
08/05/1997,133.13
09/05/1997,131.17
12/05/1997,127.48
13/05/1997,127.48
14/05/1997,126.83
15/05/1997,125.09
16/05/1997,125.3
19/05/1997,124.65
20/05/1997,123.57
21/05/1997,122.48
22/05/1997,121.61
23/05/1997,122.04
26/05/1997,119.65
27/05/1997,108.61
28/05/1997,102.3
29/05/1997,94.65
30/05/1997,86.43
02/06/1997,84.78
03/06/1997,84.7
04/06/1997,83.17
05/06/1997,82.78
06/06/1997,76.52
09/06/1997,69.65
10/06/1997,67.35
11/06/1997,61.91
12/06/1997,61.22
13/06/1997,61
16/06/1997,60.16
17/06/1997,59.36
18/06/1997,58.28
19/06/1997,57.96
20/06/1997,57.76
23/06/1997,57.28
24/06/1997,57.84
25/06/1997,57.72
26/06/1997,57.68
27/06/1997,57.8
30/06/1997,58.08
01/07/1997,58.12
02/07/1997,58.96
03/07/1997,58.96
04/07/1997,57.84
07/07/1997,57.84
08/07/1997,59.16
09/07/1997,59
10/07/1997,59.2
11/07/1997,59.72
14/07/1997,59.68
15/07/1997,59.4
16/07/1997,58.92
17/07/1997,57.68
18/07/1997,54.04
21/07/1997,50.76
22/07/1997,47.52
23/07/1997,46.36
24/07/1997,45.52
25/07/1997,44.2
28/07/1997,41.72
29/07/1997,41.85
30/07/1997,42.73
31/07/1997,42.69
01/08/1997,42.69
04/08/1997,43.27
05/08/1997,43.27
06/08/1997,43.77
07/08/1997,43.81
08/08/1997,43.96
11/08/1997,46.31
12/08/1997,46
13/08/1997,44.04
14/08/1997,45.58
15/08/1997,46.77
18/08/1997,47.31
19/08/1997,49.19
20/08/1997,49.35
21/08/1997,50.19
22/08/1997,51.5
25/08/1997,50.85
26/08/1997,51.23
27/08/1997,50.88
28/08/1997,52.65
29/08/1997,51.35
01/09/1997,51.54
02/09/1997,50.46
03/09/1997,50.46
04/09/1997,50.27
05/09/1997,50.04
08/09/1997,50.04
09/09/1997,50.08
10/09/1997,49
11/09/1997,47.96
12/09/1997,47.96
15/09/1997,47.04
16/09/1997,46.96
17/09/1997,46.69
18/09/1997,46.19
19/09/1997,46.19
22/09/1997,46.19
23/09/1997,45.92
24/09/1997,46.5
25/09/1997,46.35
26/09/1997,46.88
29/09/1997,46.85
30/09/1997,46.92
01/10/1997,47.54
02/10/1997,47.46
03/10/1997,47.38
06/10/1997,47.35
07/10/1997,47.23
08/10/1997,47.38
09/10/1997,47.38
10/10/1997,47.58
13/10/1997,47.65
14/10/1997,48
15/10/1997,49
16/10/1997,49.08
17/10/1997,49.08
20/10/1997,48.92
21/10/1997,48.77
22/10/1997,48.54
23/10/1997,48.73
24/10/1997,48.73
27/10/1997,48.88
28/10/1997,48.96
29/10/1997,49.62
30/10/1997,49.65
31/10/1997,50.12
03/11/1997,49.92
04/11/1997,51.08
05/11/1997,51.62
06/11/1997,52.19
07/11/1997,53.31
10/11/1997,58.62
11/11/1997,59.5
12/11/1997,68.81
13/11/1997,75.85
14/11/1997,84.62
17/11/1997,91.5
18/11/1997,92.85
19/11/1997,94.42
20/11/1997,94.69
21/11/1997,94.69
24/11/1997,94.69
25/11/1997,95.27
26/11/1997,95
27/11/1997,95.85
28/11/1997,97.38
02/12/1997,97.38
03/12/1997,101.15
04/12/1997,97.5
05/12/1997,95
08/12/1997,93.12
09/12/1997,91
10/12/1997,90.62
11/12/1997,89.08
12/12/1997,87.58
15/12/1997,87.19
16/12/1997,86.81
17/12/1997,85.46
18/12/1997,85.08
19/12/1997,84.88
22/12/1997,91.81
23/12/1997,100.88
24/12/1997,100.69
29/12/1997,101.46
30/12/1997,99.73
31/12/1997,101.08
05/01/1998,100.88
06/01/1998,99.73
07/01/1998,98.96
08/01/1998,98.96
09/01/1998,98.96
12/01/1998,97.81
13/01/1998,94.73
14/01/1998,92.04
15/01/1998,94.73
16/01/1998,95.5
19/01/1998,96.27
20/01/1998,97.38
21/01/1998,102.85
22/01/1998,114.96
23/01/1998,128.23
26/01/1998,127.85
27/01/1998,127.85
28/01/1998,130.15
29/01/1998,130.15
30/01/1998,130.15
02/02/1998,132.77
03/02/1998,133.73
04/02/1998,129.12
05/02/1998,123.04
06/02/1998,123.04
09/02/1998,122.93
10/02/1998,122.39
11/02/1998,120.96
12/02/1998,117.04
13/02/1998,115.43
16/02/1998,109.71
17/02/1998,107.93
18/02/1998,108.46
19/02/1998,107.75
20/02/1998,107.93
23/02/1998,107.93
24/02/1998,107.93
25/02/1998,108.11
26/02/1998,107.75
27/02/1998,107.75
02/03/1998,109.71
03/03/1998,109.71
04/03/1998,110.79
05/03/1998,109.18
06/03/1998,109.18
09/03/1998,109.46
10/03/1998,109.54
11/03/1998,110.25
12/03/1998,109.18
13/03/1998,109
16/03/1998,109.18
17/03/1998,109.54
18/03/1998,105.96
19/03/1998,103.75
20/03/1998,99.11
23/03/1998,96.61
24/03/1998,96.57
25/03/1998,96.57
26/03/1998,96.96
27/03/1998,96.43
30/03/1998,96.79
31/03/1998,97.96
01/04/1998,97.79
02/04/1998,97.25
03/04/1998,95.71
06/04/1998,95.36
07/04/1998,95.18
08/04/1998,93.93
09/04/1998,93.21
10/04/1998,85.07
13/04/1998,81.86
14/04/1998,81.68
15/04/1998,82.64
16/04/1998,82.11
17/04/1998,82.75
21/04/1998,83.21
22/04/1998,83.18
23/04/1998,83.18
24/04/1998,82.82
27/04/1998,83.46
28/04/1998,83.71
29/04/1998,83.18
30/04/1998,85.86
04/05/1998,84.75
05/05/1998,82.32
06/05/1998,78.75
07/05/1998,76.79
08/05/1998,75.36
11/05/1998,72.04
12/05/1998,65.71
13/05/1998,63.04
14/05/1998,62.68
15/05/1998,58.75
18/05/1998,57.75
19/05/1998,57.21
20/05/1998,60.11
21/05/1998,59.75
22/05/1998,58.86
25/05/1998,57.61
26/05/1998,57
27/05/1998,56.39
28/05/1998,56.04
29/05/1998,56.04
01/06/1998,56.21
02/06/1998,58.18
03/06/1998,58.36
04/06/1998,58.82
05/06/1998,59
08/06/1998,59.04
09/06/1998,57.39
10/06/1998,56.14
11/06/1998,55.14
12/06/1998,55.14
15/06/1998,55.14
16/06/1998,55.5
17/06/1998,56.68
18/06/1998,57.04
19/06/1998,58.29
22/06/1998,60.25
23/06/1998,63.64
24/06/1998,65.25
25/06/1998,64.79
26/06/1998,61.21
29/06/1998,60.14
30/06/1998,58.29
01/07/1998,58.11
02/07/1998,59
03/07/1998,59.18
06/07/1998,59.36
07/07/1998,59.11
08/07/1998,58.57
09/07/1998,58.04
10/07/1998,58.04
13/07/1998,57.68
14/07/1998,57.5
15/07/1998,57.5
16/07/1998,58.39
17/07/1998,58.5
20/07/1998,58.39
21/07/1998,58.11
22/07/1998,57.04
23/07/1998,56.86
24/07/1998,56.5
27/07/1998,56.61
28/07/1998,57.07
29/07/1998,57.07
30/07/1998,57.43
31/07/1998,56.71
03/08/1998,57.07
04/08/1998,59.14
05/08/1998,59.5
06/08/1998,60.46
07/08/1998,61
10/08/1998,61.89
11/08/1998,62.25
12/08/1998,61.89
13/08/1998,61.71
14/08/1998,60.46
17/08/1998,60.11
18/08/1998,60.11
19/08/1998,61.71
20/08/1998,62.25
21/08/1998,62.79
24/08/1998,63.5
25/08/1998,64.25
26/08/1998,64.54
27/08/1998,66.68
28/08/1998,66.93
31/08/1998,69.64
01/09/1998,69.54
02/09/1998,69.5
03/09/1998,68.57
04/09/1998,68.57
07/09/1998,69.11
08/09/1998,69.39
09/09/1998,71.36
10/09/1998,71.54
11/09/1998,73.54
14/09/1998,75.86
15/09/1998,76.93
16/09/1998,77.11
17/09/1998,80.43
18/09/1998,78.79
21/09/1998,81.39
22/09/1998,81.61
23/09/1998,81.96
24/09/1998,84.54
25/09/1998,85.86
28/09/1998,85
29/09/1998,83.39
30/09/1998,81.93
01/10/1998,79.79
02/10/1998,79.43
05/10/1998,77.21
06/10/1998,77.32
07/10/1998,76.96
08/10/1998,77.32
09/10/1998,78
12/10/1998,78.18
13/10/1998,79.61
14/10/1998,80.96
15/10/1998,83.86
16/10/1998,87.75
19/10/1998,89.18
20/10/1998,89.64
21/10/1998,89.18
22/10/1998,88
23/10/1998,87.54
26/10/1998,84.32
27/10/1998,84.54
28/10/1998,89.43
29/10/1998,92.04
30/10/1998,91.5
02/11/1998,91.86
03/11/1998,93.11
04/11/1998,95.07
05/11/1998,95.79
06/11/1998,95.96
09/11/1998,97.93
10/11/1998,100.25
11/11/1998,100.25
12/11/1998,98.43
13/11/1998,96.82
16/11/1998,97.18
17/11/1998,98.79
18/11/1998,101.5
19/11/1998,99.89
20/11/1998,97.93
23/11/1998,97.93
24/11/1998,98.11
25/11/1998,96.86
26/11/1998,93.64
27/11/1998,94.36
30/11/1998,95.07
02/12/1998,94
03/12/1998,95.61
04/12/1998,95.61
05/12/1998,95.61
07/12/1998,95.43
08/12/1998,102.04
09/12/1998,101.86
10/12/1998,102.57
11/12/1998,103.64
14/12/1998,106.32
15/12/1998,108.29
16/12/1998,111.61
17/12/1998,117.32
18/12/1998,124.46
21/12/1998,127.14
22/12/1998,116.64
23/12/1998,114.5
24/12/1998,111.64
28/12/1998,108
29/12/1998,105.82
30/12/1998,107.43
31/12/1998,106.71
04/01/1999,106.71
05/01/1999,106.71
06/01/1999,106.71
07/01/1999,94.82
08/01/1999,93.93
11/01/1999,94.11
12/01/1999,93.39
13/01/1999,94.21
14/01/1999,94.57
15/01/1999,94.57
18/01/1999,93.39
19/01/1999,92.86
20/01/1999,93.04
21/01/1999,93.39
22/01/1999,93.39
25/01/1999,93.57
26/01/1999,93.57
27/01/1999,94.29
28/01/1999,94.29
29/01/1999,94.29
01/02/1999,94.29
02/02/1999,95.36
03/02/1999,94.82
04/02/1999,112.43
05/02/1999,113.14
08/02/1999,114.57
09/02/1999,125.54
10/02/1999,125.18
11/02/1999,115.75
12/02/1999,117.71
15/02/1999,117.71
16/02/1999,117.71
17/02/1999,116.46
18/02/1999,116.82
19/02/1999,116.82
22/02/1999,115.21
23/02/1999,112.86
24/02/1999,109.11
25/02/1999,106.61
26/02/1999,107.14
01/03/1999,103.21
02/03/1999,99.46
03/03/1999,98.75
04/03/1999,98.21
05/03/1999,96.96
08/03/1999,100.71
09/03/1999,120
10/03/1999,117.32
11/03/1999,114.11
12/03/1999,110
15/03/1999,126.25
16/03/1999,134.11
17/03/1999,139.47
18/03/1999,142.69
19/03/1999,136.61
22/03/1999,135.01
23/03/1999,135.01
24/03/1999,133.94
25/03/1999,133.94
26/03/1999,142.32
29/03/1999,144.11
30/03/1999,144.47
31/03/1999,146.07
01/04/1999,148.04
02/04/1999,148.04
05/04/1999,148.04
06/04/1999,146.97
07/04/1999,146.97
08/04/1999,148.81
09/04/1999,147.32
13/04/1999,147.32
14/04/1999,144.29
15/04/1999,142.86
16/04/1999,140.71
19/04/1999,139.82
20/04/1999,145.54
21/04/1999,146.07
22/04/1999,144.11
23/04/1999,141.79
26/04/1999,132.14
27/04/1999,130.89
28/04/1999,135.89
29/04/1999,131.07
30/04/1999,130.36
03/05/1999,130
04/05/1999,128.93
05/05/1999,127.68
06/05/1999,124.29
07/05/1999,126.25
10/05/1999,125.54
11/05/1999,122.68
12/05/1999,120.36
13/05/1999,120
14/05/1999,118.4
17/05/1999,116.96
18/05/1999,120
19/05/1999,121.07
20/05/1999,121.07
21/05/1999,120
24/05/1999,120
25/05/1999,121.79
26/05/1999,121.79
27/05/1999,126.79
28/05/1999,126.61
31/05/1999,125.18
01/06/1999,124.64
02/06/1999,123.93
03/06/1999,121.96
04/06/1999,119.46
07/06/1999,119.29
08/06/1999,116.96
09/06/1999,112.32
10/06/1999,112.68
11/06/1999,113.75
14/06/1999,113.57
15/06/1999,113.93
16/06/1999,113.93
17/06/1999,113.93
18/06/1999,113.21
21/06/1999,113.57
22/06/1999,113.21
23/06/1999,109.29
24/06/1999,108.94
25/06/1999,108.58
28/06/1999,108.4
29/06/1999,107.86
30/06/1999,107.51
01/07/1999,106.08
02/07/1999,106.08
05/07/1999,106.08
06/07/1999,106.08
07/07/1999,105.72
08/07/1999,101.08
09/07/1999,100.9
12/07/1999,100.9
13/07/1999,100.72
14/07/1999,100.72
15/07/1999,99.65
16/07/1999,98.4
19/07/1999,100.72
20/07/1999,99.83
21/07/1999,100.9
22/07/1999,100.9
23/07/1999,97.86
26/07/1999,97.86
27/07/1999,97.86
28/07/1999,97.86
29/07/1999,97.86
30/07/1999,97.69
02/08/1999,97.69
03/08/1999,97.69
04/08/1999,97.51
05/08/1999,94.83
06/08/1999,94.83
09/08/1999,94.61
10/08/1999,93.72
11/08/1999,93.72
12/08/1999,93.01
13/08/1999,92.29
16/08/1999,92.29
17/08/1999,91.94
18/08/1999,90.97
19/08/1999,89.9
20/08/1999,89.9
23/08/1999,89.19
24/08/1999,88.94
25/08/1999,88.58
26/08/1999,88.58
27/08/1999,88.58
30/08/1999,88.58
31/08/1999,87.22
01/09/1999,85.44
02/09/1999,83.64
03/09/1999,83.46
06/09/1999,82.04
07/09/1999,82.11
08/09/1999,82.04
09/09/1999,82.04
10/09/1999,81.86
13/09/1999,82.39
14/09/1999,80.07
15/09/1999,79.18
16/09/1999,78.86
17/09/1999,78.64
20/09/1999,77.71
21/09/1999,77.93
22/09/1999,77.93
23/09/1999,77.68
24/09/1999,77.57
27/09/1999,77.57
28/09/1999,77.75
29/09/1999,66.75
30/09/1999,66.04
01/10/1999,64.43
04/10/1999,63.75
05/10/1999,63.75
06/10/1999,63.75
07/10/1999,63.04
08/10/1999,62.93
11/10/1999,62.75
12/10/1999,64
13/10/1999,62.39
14/10/1999,62.14
15/10/1999,62.29
18/10/1999,62.75
19/10/1999,62.75
20/10/1999,61.79
21/10/1999,61.43
22/10/1999,61.46
25/10/1999,61.46
26/10/1999,61.61
27/10/1999,62.21
28/10/1999,62.21
29/10/1999,62.36
01/11/1999,59.5
02/11/1999,60.88
03/11/1999,61.25
04/11/1999,60.88
05/11/1999,60.88
08/11/1999,60.88
09/11/1999,60.75
10/11/1999,60.63
11/11/1999,60.75
12/11/1999,60.88
15/11/1999,60.88
16/11/1999,62
17/11/1999,62
18/11/1999,61.25
19/11/1999,67.13
22/11/1999,68.13
23/11/1999,80.88
24/11/1999,82.38
25/11/1999,81.75
26/11/1999,81.75
29/11/1999,82.75
30/11/1999,83.13
02/12/1999,83.13
03/12/1999,81.38
06/12/1999,81.63
07/12/1999,81.88
08/12/1999,83.88
09/12/1999,84
10/12/1999,84
13/12/1999,83.5
14/12/1999,83.63
15/12/1999,83.25
16/12/1999,83
17/12/1999,83
20/12/1999,82.38
21/12/1999,81.75
22/12/1999,75.13
23/12/1999,75.13
24/12/1999,76.38
27/12/1999,75.13
28/12/1999,75.13
29/12/1999,75.13
30/12/1999,73.75
04/01/2000,73.75
05/01/2000,75.75
06/01/2000,76
07/01/2000,76
10/01/2000,76
11/01/2000,75.75
12/01/2000,75.75
13/01/2000,75.5
14/01/2000,75.5
17/01/2000,75.5
18/01/2000,75.5
19/01/2000,75.25
20/01/2000,75.5
21/01/2000,75.63
24/01/2000,75.88
25/01/2000,75.88
26/01/2000,77.75
27/01/2000,84.75
28/01/2000,86
31/01/2000,85.38
01/02/2000,85.38
02/02/2000,83.5
03/02/2000,83.25
04/02/2000,83.25
07/02/2000,83.13
08/02/2000,83.13
09/02/2000,82.5
10/02/2000,82.13
11/02/2000,81.75
14/02/2000,81
15/02/2000,80.38
16/02/2000,79.88
17/02/2000,79.88
18/02/2000,79.63
21/02/2000,78.88
22/02/2000,79
23/02/2000,78.75
24/02/2000,78.5
25/02/2000,76.25
28/02/2000,76.25
29/02/2000,76.25
01/03/2000,76.25
02/03/2000,76.25
03/03/2000,76.25
06/03/2000,76.25
07/03/2000,75
08/03/2000,71.38
09/03/2000,67.13
10/03/2000,67.13
13/03/2000,67.13
14/03/2000,66.25
15/03/2000,66.25
16/03/2000,66.25
17/03/2000,62.75
20/03/2000,62.75
21/03/2000,58.25
22/03/2000,57.38
23/03/2000,56.13
24/03/2000,56.13
27/03/2000,55.75
28/03/2000,55.75
29/03/2000,55.75
30/03/2000,54
31/03/2000,52.88
03/04/2000,52.88
04/04/2000,53.13
05/04/2000,53.13
06/04/2000,53.13
07/04/2000,53.38
10/04/2000,52.63
11/04/2000,52.5
12/04/2000,52.5
13/04/2000,52.5
14/04/2000,52.5
17/04/2000,52.25
18/04/2000,52.25
19/04/2000,52
20/04/2000,52
21/04/2000,52
24/04/2000,52
25/04/2000,52
26/04/2000,52
27/04/2000,52
28/04/2000,52
02/05/2000,51.88
03/05/2000,51.13
04/05/2000,51.13
05/05/2000,51.13
08/05/2000,51
09/05/2000,51
10/05/2000,50.13
11/05/2000,48.88
12/05/2000,48.63
15/05/2000,48.5
16/05/2000,49.13
17/05/2000,48.63
18/05/2000,48.63
19/05/2000,48.63
22/05/2000,48.5
23/05/2000,48.13
24/05/2000,48.13
25/05/2000,48.13
26/05/2000,48
29/05/2000,48
30/05/2000,49.5
31/05/2000,48.63
01/06/2000,48.38
02/06/2000,48.5
05/06/2000,48.5
06/06/2000,48.5
07/06/2000,48.38
08/06/2000,48.25
09/06/2000,48.25
12/06/2000,48
13/06/2000,47.75
14/06/2000,47.75
15/06/2000,46.75
16/06/2000,46.88
19/06/2000,46.63
20/06/2000,46.63
21/06/2000,46.63
22/06/2000,46.75
23/06/2000,46.75
26/06/2000,46.75
27/06/2000,46.75
28/06/2000,46.75
29/06/2000,46.75
30/06/2000,46.75
03/07/2000,46.75
04/07/2000,46.75
05/07/2000,46.63
06/07/2000,46.63
07/07/2000,46.63
10/07/2000,46.5
11/07/2000,46.5
12/07/2000,46.25
13/07/2000,45.38
14/07/2000,44.5
17/07/2000,44.25
18/07/2000,43.63
19/07/2000,42.88
20/07/2000,42.88
21/07/2000,42.38
24/07/2000,42.13
25/07/2000,42.13
26/07/2000,42.13
27/07/2000,41.5
28/07/2000,41.75
31/07/2000,41.75
01/08/2000,41.63
02/08/2000,41.63
03/08/2000,41.63
04/08/2000,41.75
07/08/2000,42.13
08/08/2000,42.38
09/08/2000,42.5
10/08/2000,42.5
11/08/2000,42.5
14/08/2000,42.5
15/08/2000,42.88
16/08/2000,42.88
17/08/2000,42.88
18/08/2000,42.88
21/08/2000,42.88
22/08/2000,44.88
23/08/2000,45
24/08/2000,45
25/08/2000,45
28/08/2000,45
29/08/2000,45.5
30/08/2000,45.5
31/08/2000,45.5
01/09/2000,45.5
04/09/2000,45.38
05/09/2000,47.5
06/09/2000,47.5
07/09/2000,47.63
08/09/2000,47.63
11/09/2000,48.25
12/09/2000,48
13/09/2000,48
14/09/2000,47.63
15/09/2000,47.63
18/09/2000,48
19/09/2000,48
20/09/2000,48.63
21/09/2000,48.63
22/09/2000,48.63
25/09/2000,49.38
26/09/2000,49.38
27/09/2000,50.25
28/09/2000,50.25
29/09/2000,50.25
02/10/2000,50.5
03/10/2000,51.63
04/10/2000,51.38
05/10/2000,51.25
06/10/2000,51.25
09/10/2000,51.25
10/10/2000,51.5
11/10/2000,51.63
12/10/2000,51.63
13/10/2000,51.63
16/10/2000,51.75
17/10/2000,51.75
18/10/2000,51.75
19/10/2000,51.75
20/10/2000,51.75
23/10/2000,51.75
24/10/2000,51.88
25/10/2000,51.88
26/10/2000,51.88
27/10/2000,52.63
30/10/2000,52.63
31/10/2000,52.63
01/11/2000,52.63
02/11/2000,52.88
03/11/2000,52.88
06/11/2000,53.25
07/11/2000,53.25
08/11/2000,53.25
09/11/2000,53.5
10/11/2000,53.5
13/11/2000,53.5
14/11/2000,53.5
15/11/2000,53.62
16/11/2000,53.62
17/11/2000,53.75
20/11/2000,53.38
21/11/2000,53.5
22/11/2000,53.5
23/11/2000,52.88
24/11/2000,52.75
27/11/2000,52
28/11/2000,52
29/11/2000,52.12
30/11/2000,52.12
04/12/2000,52.12
05/12/2000,52.12
06/12/2000,52.12
07/12/2000,52.12
08/12/2000,52.12
11/12/2000,52.25
12/12/2000,52.62
13/12/2000,52.62
14/12/2000,52.62
15/12/2000,52.62
18/12/2000,52.62
19/12/2000,53
20/12/2000,53
21/12/2000,53
22/12/2000,53
27/12/2000,53
28/12/2000,53
29/12/2000,53
03/01/2001,53.25
04/01/2001,52.75
05/01/2001,52.75
08/01/2001,52.75
09/01/2001,52.75
10/01/2001,52.75
11/01/2001,52.75
12/01/2001,52.75
15/01/2001,53.25
16/01/2001,53.25
17/01/2001,53.25
18/01/2001,53.25
19/01/2001,53.25
22/01/2001,53.25
23/01/2001,53.25
24/01/2001,53.25
25/01/2001,53.25
26/01/2001,53.25
29/01/2001,53.25
30/01/2001,53.38
31/01/2001,53.38
01/02/2001,53.38
02/02/2001,53.38
05/02/2001,53.38
06/02/2001,53.12
07/02/2001,53.12
08/02/2001,53.12
09/02/2001,53.12
12/02/2001,53.12
13/02/2001,53.25
14/02/2001,53.5
15/02/2001,53.12
16/02/2001,53.12
19/02/2001,53
20/02/2001,53
21/02/2001,53
22/02/2001,52.88
23/02/2001,52.88
26/02/2001,52.88
27/02/2001,53
28/02/2001,53
01/03/2001,53
02/03/2001,53
05/03/2001,53
06/03/2001,53
07/03/2001,52.38
08/03/2001,52.38
09/03/2001,52.38
12/03/2001,52.38
13/03/2001,52.38
14/03/2001,51.75
15/03/2001,51.75
16/03/2001,51.62
19/03/2001,51.62
20/03/2001,51.62
21/03/2001,51.62
22/03/2001,51.62
23/03/2001,51.62
26/03/2001,51.75
27/03/2001,51.75
28/03/2001,51.62
29/03/2001,51.31
30/03/2001,50.81
02/04/2001,50.44
03/04/2001,50.56
04/04/2001,50.56
05/04/2001,50.44
06/04/2001,50.44
09/04/2001,50.31
10/04/2001,49.81
11/04/2001,49.81
12/04/2001,49.81
13/04/2001,49.81
17/04/2001,49.81
18/04/2001,49.69
19/04/2001,49.69
20/04/2001,49.69
23/04/2001,49.81
24/04/2001,49.81
25/04/2001,49.56
26/04/2001,49.56
27/04/2001,49.56
30/04/2001,49.56
02/05/2001,49.56
03/05/2001,49.44
04/05/2001,49.44
07/05/2001,49.44
08/05/2001,49.42
09/05/2001,49.42
10/05/2001,49.31
11/05/2001,49.31
14/05/2001,49.31
15/05/2001,49.31
16/05/2001,49.19
17/05/2001,49.19
18/05/2001,49.19
21/05/2001,49.25
22/05/2001,49.16
23/05/2001,48.5
24/05/2001,48.5
25/05/2001,48.25
28/05/2001,48
29/05/2001,47.62
30/05/2001,47.25
31/05/2001,47.12
01/06/2001,47.25
04/06/2001,47.25
05/06/2001,47.09
06/06/2001,46.75
07/06/2001,46.25
08/06/2001,45.25
11/06/2001,45.12
12/06/2001,44.62
13/06/2001,44.62
14/06/2001,44.62
15/06/2001,44.12
18/06/2001,44.25
19/06/2001,44.12
20/06/2001,43.5
21/06/2001,42.38
22/06/2001,42.38
25/06/2001,42
26/06/2001,41.88
27/06/2001,41.62
28/06/2001,41.62
29/06/2001,40.78
02/07/2001,39.66
03/07/2001,39.41
04/07/2001,39.16
05/07/2001,39.03
06/07/2001,39.03
09/07/2001,39.28
10/07/2001,38.88
11/07/2001,38.88
12/07/2001,38.62
13/07/2001,38.62
16/07/2001,38.38
17/07/2001,38.38
18/07/2001,37.5
19/07/2001,37.38
20/07/2001,37
23/07/2001,37.12
24/07/2001,37.12
25/07/2001,37.12
26/07/2001,37.12
27/07/2001,37.12
30/07/2001,37.12
31/07/2001,38
01/08/2001,37.62
02/08/2001,37.75
03/08/2001,37.75
06/08/2001,37.75
07/08/2001,37.25
08/08/2001,37.25
09/08/2001,37.12
10/08/2001,37.38
13/08/2001,37.12
14/08/2001,37.12
15/08/2001,37.12
16/08/2001,37.12
17/08/2001,37.12
20/08/2001,37.12
21/08/2001,37.12
22/08/2001,37
23/08/2001,37
24/08/2001,37.12
27/08/2001,37.12
28/08/2001,37.25
29/08/2001,37.06
30/08/2001,37.06
31/08/2001,37.06
03/09/2001,36.94
04/09/2001,37.38
05/09/2001,37.5
06/09/2001,37.75
07/09/2001,38.25
10/09/2001,38
11/09/2001,38.75
12/09/2001,38.75
13/09/2001,38.75
14/09/2001,39.12
17/09/2001,38.88
18/09/2001,38.62
19/09/2001,38.25
20/09/2001,38.25
21/09/2001,38.12
24/09/2001,38.25
25/09/2001,37.88
26/09/2001,37.88
27/09/2001,38.12
28/09/2001,38
01/10/2001,38.22
02/10/2001,37.89
03/10/2001,37.5
04/10/2001,37.62
05/10/2001,37.62
08/10/2001,37.88
09/10/2001,37.88
10/10/2001,37.88
11/10/2001,37.5
12/10/2001,37.5
15/10/2001,37.5
16/10/2001,37.12
17/10/2001,36.75
18/10/2001,36.75
19/10/2001,36.62
22/10/2001,36.62
23/10/2001,36.62
24/10/2001,36.38
25/10/2001,36.38
26/10/2001,36.75
29/10/2001,36.62
30/10/2001,36.62
31/10/2001,36.62
01/11/2001,36.5
02/11/2001,36.62
05/11/2001,36.62
06/11/2001,36.62
07/11/2001,36.62
08/11/2001,36.5
09/11/2001,36.5
12/11/2001,36.5
13/11/2001,36.5
14/11/2001,36.5
15/11/2001,36.5
16/11/2001,36.5
19/11/2001,36.5
20/11/2001,36.62
21/11/2001,36.62
22/11/2001,36.5
23/11/2001,36.38
26/11/2001,36.38
27/11/2001,36.38
28/11/2001,36.25
29/11/2001,36.12
30/11/2001,36.25
03/12/2001,36.25
04/12/2001,36.25
05/12/2001,36.25
06/12/2001,36.25
07/12/2001,36.25
10/12/2001,36.25
11/12/2001,36.38
12/12/2001,36.38
13/12/2001,36.5
14/12/2001,36.62
17/12/2001,36.62
18/12/2001,36.62
19/12/2001,36.62
20/12/2001,36.62
21/12/2001,36.62
27/12/2001,36.62
28/12/2001,36.62
03/01/2002,36.62
04/01/2002,36.62
07/01/2002,36.62
08/01/2002,36.75
09/01/2002,36.75
10/01/2002,36.75
11/01/2002,36.75
14/01/2002,36.75
15/01/2002,36.62
16/01/2002,36.62
17/01/2002,36.62
18/01/2002,36.88
19/01/2002,36.88
21/01/2002,36.88
22/01/2002,36.88
23/01/2002,36.88
24/01/2002,36.88
25/01/2002,36.88
26/01/2002,36.88
28/01/2002,36.88
29/01/2002,36.88
30/01/2002,36.88
31/01/2002,36.88
01/02/2002,36.88
04/02/2002,36.88
05/02/2002,36.62
06/02/2002,36.62
07/02/2002,36.62
08/02/2002,36.38
11/02/2002,36.38
12/02/2002,36.12
13/02/2002,35.81
14/02/2002,35.69
15/02/2002,35.69
18/02/2002,35.62
19/02/2002,35.62
20/02/2002,35.62
21/02/2002,35.62
22/02/2002,35.62
25/02/2002,35.62
26/02/2002,35.75
27/02/2002,35.75
28/02/2002,35.88
01/03/2002,35.88
04/03/2002,35.75
05/03/2002,35.88
06/03/2002,35.75
07/03/2002,35.75
08/03/2002,35.75
11/03/2002,35.75
12/03/2002,35.75
13/03/2002,35.75
14/03/2002,35.75
15/03/2002,35.5
18/03/2002,35.38
19/03/2002,35.38
20/03/2002,35.38
21/03/2002,35.38
22/03/2002,35.5
25/03/2002,35.5
26/03/2002,35.5
27/03/2002,35.38
28/03/2002,35.38
29/03/2002,35.38
01/04/2002,35.12
02/04/2002,35.12
03/04/2002,35.12
04/04/2002,35.12
05/04/2002,35
08/04/2002,35
09/04/2002,35
10/04/2002,34.94
11/04/2002,34.94
12/04/2002,34.88
15/04/2002,34.81
16/04/2002,34.75
17/04/2002,34.75
18/04/2002,34.75
19/04/2002,34.62
22/04/2002,34.62
23/04/2002,34.62
24/04/2002,34.5
25/04/2002,34.5
26/04/2002,34.5
29/04/2002,34.5
30/04/2002,34.56
07/05/2002,34.56
08/05/2002,33.94
09/05/2002,33.56
10/05/2002,33.12
13/05/2002,33
14/05/2002,33
15/05/2002,33.38
16/05/2002,33
17/05/2002,33.19
20/05/2002,33.44
21/05/2002,33.19
22/05/2002,33.19
23/05/2002,33.19
24/05/2002,33.19
27/05/2002,33.19
28/05/2002,33.06
29/05/2002,32.69
30/05/2002,32.69
31/05/2002,32.44
03/06/2002,32.44
04/06/2002,31.94
05/06/2002,31.81
06/06/2002,31.81
07/06/2002,31.25
10/06/2002,31.25
11/06/2002,31.19
12/06/2002,31.19
13/06/2002,30.47
14/06/2002,30.47
17/06/2002,30.47
18/06/2002,30.47
19/06/2002,30.53
20/06/2002,30.66
21/06/2002,30.66
24/06/2002,30.28
25/06/2002,30.28
26/06/2002,30.28
27/06/2002,29.91
28/06/2002,29.91
01/07/2002,29.91
02/07/2002,29.78
03/07/2002,29.78
04/07/2002,29.66
05/07/2002,29.66
08/07/2002,29.66
09/07/2002,29.78
10/07/2002,29.59
11/07/2002,29.59
12/07/2002,29.47
15/07/2002,29.16
16/07/2002,28.78
17/07/2002,28.78
18/07/2002,28.78
19/07/2002,28.78
22/07/2002,28.78
23/07/2002,28.62
24/07/2002,28.62
25/07/2002,28.56
26/07/2002,28.56
29/07/2002,28.56
30/07/2002,28.56
31/07/2002,28.56
01/08/2002,28.06
02/08/2002,28.06
05/08/2002,28.06
06/08/2002,28.03
07/08/2002,28.03
08/08/2002,27.78
09/08/2002,27.78
12/08/2002,27.75
13/08/2002,27.75
14/08/2002,27.75
15/08/2002,27.5
16/08/2002,27.44
19/08/2002,27.25
20/08/2002,27.25
21/08/2002,27.5
22/08/2002,27.44
23/08/2002,27.44
26/08/2002,27.44
27/08/2002,27.44
28/08/2002,27.44
29/08/2002,27.25
30/08/2002,27.25
02/09/2002,27.12
03/09/2002,27.12
04/09/2002,27.12
05/09/2002,27
06/09/2002,27
09/09/2002,27
10/09/2002,27
11/09/2002,27
12/09/2002,27
13/09/2002,26.62
16/09/2002,26.5
17/09/2002,26.5
18/09/2002,26.25
19/09/2002,25.88
20/09/2002,25.88
23/09/2002,25.84
24/09/2002,25.84
25/09/2002,25.84
26/09/2002,25.84
27/09/2002,25.84
30/09/2002,25.84
01/10/2002,25.84
02/10/2002,25.84
03/10/2002,25.84
04/10/2002,25.22
07/10/2002,25.09
08/10/2002,25.16
09/10/2002,25.16
10/10/2002,25.16
11/10/2002,25.03
14/10/2002,25.03
15/10/2002,23.47
16/10/2002,23.59
17/10/2002,23.25
18/10/2002,23.5
21/10/2002,23.5
22/10/2002,23.47
23/10/2002,23.34
24/10/2002,22.97
25/10/2002,22.97
28/10/2002,23.06
29/10/2002,23.06
30/10/2002,23.06
31/10/2002,23.06
01/11/2002,23.06
04/11/2002,23.38
05/11/2002,23.06
06/11/2002,22.78
07/11/2002,22.78
08/11/2002,22.78
11/11/2002,22.78
12/11/2002,22.78
13/11/2002,22.59
14/11/2002,22.59
15/11/2002,22.66
18/11/2002,22.59
19/11/2002,22.22
20/11/2002,22.09
21/11/2002,21.69
22/11/2002,21.69
25/11/2002,21.69
26/11/2002,21.44
27/11/2002,21.44
28/11/2002,21.44
29/11/2002,21.44
02/12/2002,21.44
03/12/2002,21.44
04/12/2002,21.44
05/12/2002,21.44
06/12/2002,21.44
09/12/2002,21.44
10/12/2002,21.06
11/12/2002,21.06
12/12/2002,21.06
13/12/2002,21.06
16/12/2002,20.81
17/12/2002,20.81
18/12/2002,20.56
19/12/2002,20.56
20/12/2002,20.56
23/12/2002,20.47
24/12/2002,20.47
27/12/2002,20.47
30/12/2002,20.47
06/01/2003,20.31
07/01/2003,20.31
08/01/2003,20.1
09/01/2003,19.98
10/01/2003,19.91
13/01/2003,19.91
14/01/2003,19.79
15/01/2003,19.79
16/01/2003,19.66
17/01/2003,19.66
20/01/2003,19.66
21/01/2003,19.66
22/01/2003,19.66
23/01/2003,19.66
24/01/2003,19.56
27/01/2003,19.56
28/01/2003,19.56
29/01/2003,19.56
30/01/2003,19.69
31/01/2003,19.69
03/02/2003,19.69
04/02/2003,19.56
05/02/2003,19.5
06/02/2003,19.5
07/02/2003,19.5
10/02/2003,19.5
11/02/2003,19.5
12/02/2003,19.5
13/02/2003,19.44
14/02/2003,19.44
17/02/2003,19.44
18/02/2003,19.44
19/02/2003,19.44
20/02/2003,19.31
21/02/2003,19.31
24/02/2003,19.29
25/02/2003,19.29
26/02/2003,18.91
27/02/2003,18.78
28/02/2003,18.66
03/03/2003,18.63
04/03/2003,18.56
05/03/2003,18.5
06/03/2003,18.25
07/03/2003,18.13
10/03/2003,18
11/03/2003,17.94
12/03/2003,18.06
13/03/2003,18.11
14/03/2003,17.99
17/03/2003,17.99
18/03/2003,18.5
19/03/2003,18.25
20/03/2003,18.25
21/03/2003,18.25
24/03/2003,18.25
25/03/2003,18.25
26/03/2003,18.25
27/03/2003,19.13
28/03/2003,19.13
31/03/2003,18.75
01/04/2003,18.75
02/04/2003,18.69
03/04/2003,18.69
04/04/2003,18.81
07/04/2003,18.69
08/04/2003,18.34
09/04/2003,18.34
10/04/2003,18.34
11/04/2003,18.34
14/04/2003,18.09
15/04/2003,18.34
16/04/2003,18.5
17/04/2003,18.5
18/04/2003,18.5
21/04/2003,18.5
22/04/2003,18.5
23/04/2003,18.5
24/04/2003,18.5
25/04/2003,18.25
29/04/2003,18.38
30/04/2003,18
02/05/2003,18
05/05/2003,18.38
06/05/2003,18.38
07/05/2003,18.38
08/05/2003,18.38
09/05/2003,18.38
12/05/2003,18.38
13/05/2003,18.38
14/05/2003,18.38
15/05/2003,18.38
16/05/2003,18.38
19/05/2003,18.38
20/05/2003,18.38
21/05/2003,18.38
22/05/2003,18.38
23/05/2003,18.38
26/05/2003,18.38
27/05/2003,18.38
28/05/2003,18.38
29/05/2003,18.38
30/05/2003,18.88
02/06/2003,18.5
03/06/2003,18.56
04/06/2003,18.88
05/06/2003,18.88
06/06/2003,19.31
09/06/2003,18.94
10/06/2003,18.94
11/06/2003,18.94
12/06/2003,19.25
13/06/2003,19.25
16/06/2003,19.25
17/06/2003,19.25
18/06/2003,19.13
19/06/2003,19.38
20/06/2003,19.38
23/06/2003,19.25
24/06/2003,19.13
25/06/2003,19.13
26/06/2003,19.13
27/06/2003,19.13
30/06/2003,19.13
01/07/2003,19.13
02/07/2003,19.13
03/07/2003,19.25
04/07/2003,19.25
07/07/2003,19
08/07/2003,19.25
09/07/2003,19.09
10/07/2003,19.09
11/07/2003,18.81
14/07/2003,18.81
15/07/2003,18.81
16/07/2003,19.09
17/07/2003,19.09
18/07/2003,19.09
21/07/2003,19
22/07/2003,18.88
23/07/2003,18.88
24/07/2003,18.94
25/07/2003,18.94
28/07/2003,19.13
29/07/2003,19.13
30/07/2003,19
31/07/2003,19
01/08/2003,19.13
04/08/2003,19
05/08/2003,19
06/08/2003,19.25
07/08/2003,19.56
08/08/2003,19.5
11/08/2003,19.84
12/08/2003,20.31
13/08/2003,20.31
14/08/2003,20.38
15/08/2003,20.38
18/08/2003,20.38
19/08/2003,20.38
20/08/2003,20.38
21/08/2003,20.31
22/08/2003,20.31
25/08/2003,20.31
26/08/2003,20.31
27/08/2003,20.97
28/08/2003,20.97
29/08/2003,20.97
01/09/2003,20.97
02/09/2003,20.84
03/09/2003,20.84
04/09/2003,20.84
05/09/2003,20.84
08/09/2003,20.84
09/09/2003,20.84
10/09/2003,20.72
11/09/2003,20.72
12/09/2003,20.72
15/09/2003,20.84
16/09/2003,20.84
17/09/2003,20.84
18/09/2003,20.84
19/09/2003,20.84
22/09/2003,20.84
23/09/2003,20.84
24/09/2003,20.84
25/09/2003,20.84
26/09/2003,20.84
29/09/2003,20.84
30/09/2003,20.84
01/10/2003,20.5
02/10/2003,20.5
03/10/2003,20.5
06/10/2003,21.31
07/10/2003,21.19
08/10/2003,21.19
09/10/2003,21.19
10/10/2003,21.19
13/10/2003,21.19
14/10/2003,21.5
15/10/2003,21.5
16/10/2003,21.5
17/10/2003,21.5
20/10/2003,21.5
21/10/2003,21.5
22/10/2003,21.56
23/10/2003,21.56
24/10/2003,21.66
27/10/2003,21.66
28/10/2003,21.66
29/10/2003,21.66
30/10/2003,21.66
31/10/2003,21.72
03/11/2003,21.72
04/11/2003,21.72
05/11/2003,21.72
06/11/2003,21.72
07/11/2003,21.72
10/11/2003,21.72
11/11/2003,21.63
12/11/2003,21.63
13/11/2003,21.56
14/11/2003,21.63
17/11/2003,21.56
18/11/2003,21.63
19/11/2003,21.56
20/11/2003,21.56
21/11/2003,21.75
24/11/2003,21.84
25/11/2003,21.75
26/11/2003,21.81
27/11/2003,21.81
28/11/2003,21.81
02/12/2003,21.81
03/12/2003,21.75
04/12/2003,21.75
05/12/2003,21.75
08/12/2003,21.75
09/12/2003,21.75
10/12/2003,21.75
11/12/2003,22.31
12/12/2003,22.31
15/12/2003,22.38
16/12/2003,22.31
17/12/2003,22.31
18/12/2003,22.31
19/12/2003,22.31
22/12/2003,22.31
23/12/2003,22.31
24/12/2003,22.31
29/12/2003,22.31
30/12/2003,22.31
31/12/2003,22.31
05/01/2004,22.31
06/01/2004,22.19
07/01/2004,22.19
08/01/2004,22.19
09/01/2004,22.19
12/01/2004,22.06
13/01/2004,22.19
14/01/2004,22.19
15/01/2004,22.06
16/01/2004,22.06
19/01/2004,22.06
20/01/2004,22.19
21/01/2004,21.97
22/01/2004,21.97
23/01/2004,22.34
26/01/2004,22.56
27/01/2004,22.44
28/01/2004,22.44
29/01/2004,22.44
30/01/2004,22.38
02/02/2004,22.38
03/02/2004,22.38
04/02/2004,22.5
05/02/2004,22.5
06/02/2004,22.5
09/02/2004,22.5
10/02/2004,22.5
11/02/2004,22.5
12/02/2004,22.5
13/02/2004,22.28
16/02/2004,22.63
17/02/2004,22.63
18/02/2004,22.63
19/02/2004,22.63
20/02/2004,22.5
23/02/2004,22.38
24/02/2004,22.13
25/02/2004,22.13
26/02/2004,22.13
27/02/2004,22.5
01/03/2004,22.5
02/03/2004,22.5
03/03/2004,22.5
04/03/2004,22.5
05/03/2004,22.5
08/03/2004,22.5
09/03/2004,22.5
10/03/2004,22.5
11/03/2004,22.5
12/03/2004,22.5
15/03/2004,22.5
16/03/2004,22.5
17/03/2004,22.5
18/03/2004,22.5
19/03/2004,22.5
22/03/2004,22.5
23/03/2004,22.5
24/03/2004,22.5
25/03/2004,22.5
26/03/2004,22.5
29/03/2004,22.5
30/03/2004,22.5
31/03/2004,22.5
01/04/2004,22.5
02/04/2004,22.5
05/04/2004,22.5
06/04/2004,22.5
07/04/2004,22.38
08/04/2004,22.38
09/04/2004,22.63
13/04/2004,22.63
14/04/2004,22.63
15/04/2004,22.13
16/04/2004,22.13
19/04/2004,22.5
20/04/2004,22.5
21/04/2004,22.5
22/04/2004,22.5
23/04/2004,22.5
26/04/2004,22.5
27/04/2004,22.5
28/04/2004,22.5
29/04/2004,22.5
30/04/2004,22.5
03/05/2004,22.5
04/05/2004,22.5
05/05/2004,22.5
06/05/2004,22.5
07/05/2004,22.5
10/05/2004,22.5
11/05/2004,22.44
12/05/2004,22.44
13/05/2004,22.44
14/05/2004,22.44
17/05/2004,22.5
18/05/2004,22.38
19/05/2004,22.38
20/05/2004,22.38
21/05/2004,22.38
24/05/2004,22.38
25/05/2004,22.38
26/05/2004,22.38
27/05/2004,22.38
28/05/2004,22.38
31/05/2004,22.38
01/06/2004,22.38
02/06/2004,22.19
03/06/2004,22.31
04/06/2004,22.19
07/06/2004,22.19
08/06/2004,22.06
09/06/2004,22.06
10/06/2004,22.06
11/06/2004,21.61
14/06/2004,21.5
15/06/2004,21.5
16/06/2004,21.5
17/06/2004,21.5
18/06/2004,21.5
21/06/2004,21.38
22/06/2004,21.38
23/06/2004,21.38
24/06/2004,21.38
25/06/2004,21.38
28/06/2004,21.38
29/06/2004,21.38
30/06/2004,21.38
01/07/2004,21.38
02/07/2004,21.38
05/07/2004,21.38
06/07/2004,21.38
07/07/2004,21.38
08/07/2004,21.38
09/07/2004,21.38
12/07/2004,21.19
13/07/2004,20.72
14/07/2004,20.72
15/07/2004,20.72
16/07/2004,20.72
19/07/2004,20.72
20/07/2004,20.72
21/07/2004,20.25
22/07/2004,20.25
23/07/2004,20.25
26/07/2004,20.25
27/07/2004,20.25
28/07/2004,20.25
29/07/2004,20.25
30/07/2004,20.25
02/08/2004,20.25
03/08/2004,20.25
04/08/2004,20.25
05/08/2004,20.25
06/08/2004,20.25
09/08/2004,20.09
10/08/2004,20.09
11/08/2004,20.06
12/08/2004,20.06
13/08/2004,20.06
16/08/2004,20.09
17/08/2004,20.13
18/08/2004,20.03
19/08/2004,20.03
20/08/2004,20.03
23/08/2004,20.03
24/08/2004,20.03
25/08/2004,20.03
26/08/2004,20.03
27/08/2004,20.03
30/08/2004,19.72
31/08/2004,19.31
01/09/2004,19.31
02/09/2004,19.31
03/09/2004,19.31
06/09/2004,19.31
07/09/2004,19.31
08/09/2004,19.31
09/09/2004,19.31
10/09/2004,19.31
13/09/2004,19.31
14/09/2004,19.31
15/09/2004,19.31
16/09/2004,19.06
17/09/2004,19.31
20/09/2004,19.31
21/09/2004,19.06
22/09/2004,19
23/09/2004,19
24/09/2004,19
27/09/2004,19
28/09/2004,19
29/09/2004,19
30/09/2004,19
01/10/2004,19
04/10/2004,19
05/10/2004,19
06/10/2004,19
07/10/2004,19
08/10/2004,19
11/10/2004,19
12/10/2004,19
13/10/2004,19
14/10/2004,19
15/10/2004,19
18/10/2004,19
19/10/2004,19
20/10/2004,19
21/10/2004,19
22/10/2004,19
25/10/2004,19
26/10/2004,19
27/10/2004,19
28/10/2004,19
29/10/2004,19
01/11/2004,19
02/11/2004,18.96
03/11/2004,18.93
04/11/2004,18.93
05/11/2004,18.93
08/11/2004,18.93
09/11/2004,18.93
10/11/2004,18.93
11/11/2004,18.93
12/11/2004,18.93
15/11/2004,18.93
16/11/2004,18.93
17/11/2004,18.93
18/11/2004,18.93
19/11/2004,18.93
22/11/2004,18.81
23/11/2004,18.81
24/11/2004,18.75
25/11/2004,18.34
26/11/2004,18.34
29/11/2004,18.07
30/11/2004,18.06
02/12/2004,18.06
03/12/2004,17.91
06/12/2004,17.91
07/12/2004,17.97
08/12/2004,17.91
09/12/2004,17.91
10/12/2004,17.88
13/12/2004,17.88
14/12/2004,17.88
15/12/2004,17.69
16/12/2004,17.63
17/12/2004,17.63
20/12/2004,17.19
21/12/2004,17.19
22/12/2004,17.19
23/12/2004,17.19
24/12/2004,17.19
27/12/2004,17.19
28/12/2004,17.19
29/12/2004,17.19
30/12/2004,17.81
31/12/2004,17.56
03/01/2005,17.29
04/01/2005,17.22
05/01/2005,17.13
06/01/2005,17.13
07/01/2005,17.13
10/01/2005,17.13
11/01/2005,17.13
12/01/2005,17.13
13/01/2005,17.13
14/01/2005,16.59
17/01/2005,16.44
18/01/2005,16.34
19/01/2005,16.31
20/01/2005,15.91
21/01/2005,15.91
24/01/2005,15.97
25/01/2005,15.75
26/01/2005,15.75
27/01/2005,15.66
28/01/2005,15.8
31/01/2005,15.8
01/02/2005,15.7
02/02/2005,15.46
03/02/2005,15.46
04/02/2005,14.94
07/02/2005,14.44
08/02/2005,13.89
09/02/2005,13.89
10/02/2005,13.89
11/02/2005,13.57
14/02/2005,13.32
15/02/2005,13.26
16/02/2005,14.28
17/02/2005,14.31
18/02/2005,14.31
21/02/2005,14.12
22/02/2005,13.99
23/02/2005,13.99
24/02/2005,13.38
25/02/2005,12.75
28/02/2005,12.69
01/03/2005,12.56
02/03/2005,12.56
03/03/2005,12.19
04/03/2005,12
07/03/2005,12
08/03/2005,12
09/03/2005,12
10/03/2005,11.94
11/03/2005,11.22
14/03/2005,11.22
15/03/2005,11.22
16/03/2005,11.22
17/03/2005,11.03
18/03/2005,11.03
21/03/2005,10.47
22/03/2005,10.47
23/03/2005,10.34
24/03/2005,10.41
25/03/2005,10.41
28/03/2005,10.41
29/03/2005,10.28
30/03/2005,10.28
31/03/2005,10.22
01/04/2005,10.22
04/04/2005,10.16
05/04/2005,10.16
06/04/2005,10.16
07/04/2005,10.03
08/04/2005,10.03
11/04/2005,10.03
12/04/2005,10.03
13/04/2005,9.91
14/04/2005,9.91
15/04/2005,9.91
18/04/2005,9.81
19/04/2005,9.81
20/04/2005,9.81
21/04/2005,9.81
22/04/2005,9.81
25/04/2005,9.81
26/04/2005,9.88
27/04/2005,9.88
28/04/2005,9.75
29/04/2005,9.78
03/05/2005,9.78
04/05/2005,9.78
05/05/2005,9.69
06/05/2005,9.69
09/05/2005,9.69
10/05/2005,9.69
11/05/2005,9.69
12/05/2005,9.78
13/05/2005,9.75
16/05/2005,9.69
17/05/2005,9.72
18/05/2005,9.72
19/05/2005,9.72
20/05/2005,9.72
23/05/2005,9.72
24/05/2005,9.81
25/05/2005,9.81
26/05/2005,9.81
27/05/2005,9.81
30/05/2005,9.81
31/05/2005,9.81
01/06/2005,9.81
02/06/2005,9.81
03/06/2005,9.81
06/06/2005,9.84
07/06/2005,9.84
08/06/2005,9.84
09/06/2005,9.84
10/06/2005,9.84
13/06/2005,9.84
14/06/2005,9.84
15/06/2005,9.84
16/06/2005,9.84
17/06/2005,9.84
20/06/2005,9.84
21/06/2005,9.84
22/06/2005,9.84
23/06/2005,9.84
24/06/2005,9.84
27/06/2005,9.84
28/06/2005,9.84
29/06/2005,9.84
04/07/2005,9.51
05/07/2005,9.51
06/07/2005,9.51
07/07/2005,9.51
08/07/2005,9.51
11/07/2005,9.51
12/07/2005,9.51
13/07/2005,9.51
14/07/2005,9.51
15/07/2005,9.51
18/07/2005,9.51
19/07/2005,9.38
20/07/2005,9.38
21/07/2005,9.38
22/07/2005,9.38
25/07/2005,9.38
26/07/2005,9.38
27/07/2005,9.38
28/07/2005,9.38
29/07/2005,9.41
01/08/2005,9.41
02/08/2005,8.54
03/08/2005,8.44
04/08/2005,8.44
05/08/2005,8.35
08/08/2005,8.35
09/08/2005,8.53
10/08/2005,8.57
11/08/2005,8.55
12/08/2005,8.59
15/08/2005,8.58
16/08/2005,8.53
17/08/2005,8.47
18/08/2005,8.42
19/08/2005,8.37
22/08/2005,8.43
23/08/2005,8.44
24/08/2005,8.44
25/08/2005,8.44
26/08/2005,8.44
29/08/2005,8.44
30/08/2005,8.44
31/08/2005,8.43
01/09/2005,8.43
02/09/2005,8.44
05/09/2005,8.44
06/09/2005,8.56
07/09/2005,8.56
08/09/2005,8.56
09/09/2005,8.57
12/09/2005,8.56
13/09/2005,8.56
14/09/2005,8.34
15/09/2005,8.34
16/09/2005,8.14
19/09/2005,8.01
20/09/2005,7.89
21/09/2005,7.74
22/09/2005,6.9
23/09/2005,6.71
26/09/2005,6.68
27/09/2005,6.74
28/09/2005,6.74
29/09/2005,6.71
30/09/2005,6.69
03/10/2005,6.63
04/10/2005,6.62
05/10/2005,6.56
06/10/2005,6.56
07/10/2005,6.43
10/10/2005,6.54
11/10/2005,6.37
12/10/2005,6.56
13/10/2005,6.43
14/10/2005,6.46
17/10/2005,6.46
18/10/2005,6.38
19/10/2005,6.38
20/10/2005,6.25
21/10/2005,6.25
24/10/2005,6
25/10/2005,6.31
26/10/2005,6.31
27/10/2005,6.31
28/10/2005,6.41
31/10/2005,6.47
01/11/2005,6.47
02/11/2005,6.47
03/11/2005,6.41
04/11/2005,6.41
07/11/2005,6.47
08/11/2005,6.41
09/11/2005,6.38
10/11/2005,6.47
11/11/2005,6.94
14/11/2005,7
15/11/2005,7
16/11/2005,7.13
17/11/2005,7.13
18/11/2005,7.13
21/11/2005,7.25
22/11/2005,7.31
23/11/2005,7.31
24/11/2005,7.31
25/11/2005,7.5
28/11/2005,7.56
29/11/2005,7.56
30/11/2005,7.58
02/12/2005,7.56
05/12/2005,7.56
06/12/2005,7.56
07/12/2005,7.56
08/12/2005,7.56
09/12/2005,7.56
12/12/2005,7.53
13/12/2005,7.53
14/12/2005,7.53
15/12/2005,7.53
16/12/2005,7.47
19/12/2005,7.47
20/12/2005,7.47
21/12/2005,7.5
22/12/2005,7.56
23/12/2005,7.56
27/12/2005,7.56
28/12/2005,7.56
29/12/2005,7.63
30/12/2005,7.63
03/01/2006,7.63
04/01/2006,7.63
05/01/2006,7.63
06/01/2006,7.63
09/01/2006,7.56
10/01/2006,7.56
11/01/2006,7.56
12/01/2006,7.5
13/01/2006,7.5
16/01/2006,7.44
17/01/2006,7.54
18/01/2006,7.54
19/01/2006,7.54
20/01/2006,7.54
23/01/2006,7.54
24/01/2006,7.54
25/01/2006,7.54
26/01/2006,7.54
27/01/2006,7.61
30/01/2006,7.67
31/01/2006,7.61
01/02/2006,7.56
02/02/2006,7.66
03/02/2006,7.73
06/02/2006,7.78
07/02/2006,7.91
08/02/2006,8.03
09/02/2006,8.6
10/02/2006,8.57
13/02/2006,8.57
14/02/2006,8.54
15/02/2006,8.48
16/02/2006,8.54
17/02/2006,8.54
20/02/2006,8.54
21/02/2006,8.54
22/02/2006,8.54
23/02/2006,8.54
24/02/2006,8.54
27/02/2006,8.61
28/02/2006,8.6
01/03/2006,8.6
02/03/2006,8.6
03/03/2006,8.6
06/03/2006,8.61
07/03/2006,8.66
08/03/2006,8.66
09/03/2006,8.66
10/03/2006,8.66
13/03/2006,8.66
14/03/2006,8.63
15/03/2006,8.62
16/03/2006,8.62
17/03/2006,8.62
20/03/2006,8.61
21/03/2006,8.63
22/03/2006,8.64
23/03/2006,8.61
24/03/2006,8.64
27/03/2006,8.64
28/03/2006,8.61
29/03/2006,8.61
30/03/2006,8.61
31/03/2006,8.61
03/04/2006,8.64
04/04/2006,8.64
05/04/2006,8.63
06/04/2006,8.64
07/04/2006,8.64
10/04/2006,8.64
11/04/2006,8.64
12/04/2006,8.65
13/04/2006,8.65
14/04/2006,8.65
17/04/2006,8.59
18/04/2006,8.58
19/04/2006,8.58
20/04/2006,8.59
21/04/2006,8.59
25/04/2006,8.59
26/04/2006,8.64
27/04/2006,8.67
28/04/2006,8.67
02/05/2006,8.68
03/05/2006,8.68
04/05/2006,8.68
05/05/2006,8.68
08/05/2006,8.68
09/05/2006,8.61
10/05/2006,8.63
11/05/2006,8.59
12/05/2006,8.57
15/05/2006,8.57
16/05/2006,8.57
17/05/2006,8.57
18/05/2006,8.56
19/05/2006,8.56
22/05/2006,8.56
23/05/2006,8.56
24/05/2006,8.59
25/05/2006,8.59
26/05/2006,8.59
29/05/2006,8.59
30/05/2006,8.58
31/05/2006,8.59
01/06/2006,8.62
02/06/2006,8.62
05/06/2006,8.61
06/06/2006,8.61
07/06/2006,8.61
08/06/2006,8.61
09/06/2006,8.61
12/06/2006,8.62
13/06/2006,8.62
14/06/2006,8.62
15/06/2006,8.61
16/06/2006,8.61
19/06/2006,8.61
20/06/2006,8.62
21/06/2006,8.65
22/06/2006,8.65
23/06/2006,8.65
26/06/2006,8.87
27/06/2006,8.9
28/06/2006,8.96
29/06/2006,8.96
30/06/2006,8.96
03/07/2006,8.96
04/07/2006,8.96
05/07/2006,8.96
06/07/2006,8.99
07/07/2006,8.99
10/07/2006,8.99
11/07/2006,8.99
12/07/2006,9.02
13/07/2006,9.02
14/07/2006,9.02
17/07/2006,8.99
18/07/2006,8.96
19/07/2006,8.96
20/07/2006,8.99
21/07/2006,8.99
24/07/2006,9.05
25/07/2006,9.11
26/07/2006,9.27
27/07/2006,9.46
28/07/2006,9.49
31/07/2006,9.36
01/08/2006,9.43
02/08/2006,9.43
03/08/2006,9.49
04/08/2006,9.49
07/08/2006,9.46
08/08/2006,9.46
09/08/2006,9.46
10/08/2006,9.49
11/08/2006,9.49
14/08/2006,9.49
15/08/2006,9.43
16/08/2006,9.42
17/08/2006,9.33
18/08/2006,9.33
21/08/2006,9.3
22/08/2006,9.24
23/08/2006,9.21
24/08/2006,9.21
25/08/2006,9.17
28/08/2006,9.17
29/08/2006,9.17
30/08/2006,9.23
31/08/2006,9.23
01/09/2006,9.24
04/09/2006,9.23
05/09/2006,9.23
06/09/2006,9.23
07/09/2006,9.23
08/09/2006,9.23
11/09/2006,9.21
12/09/2006,9.21
13/09/2006,9.24
14/09/2006,9.24
15/09/2006,9.24
18/09/2006,9.24
19/09/2006,9.23
20/09/2006,9.19
21/09/2006,9.13
22/09/2006,9.21
25/09/2006,9.16
26/09/2006,9.19
27/09/2006,9.19
28/09/2006,9.18
29/09/2006,9.18
02/10/2006,9.18
03/10/2006,9.14
04/10/2006,9.14
05/10/2006,9.11
06/10/2006,9.11
09/10/2006,9.11
10/10/2006,9.11
11/10/2006,9.16
12/10/2006,9.1
13/10/2006,9.1
16/10/2006,9.13
17/10/2006,9.1
18/10/2006,9.1
19/10/2006,9.1
20/10/2006,9.11
23/10/2006,9.11
24/10/2006,9.13
25/10/2006,9.13
26/10/2006,9.13
27/10/2006,9.13
30/10/2006,9.14
31/10/2006,9.19
01/11/2006,9.19
02/11/2006,9.19
03/11/2006,9.19
06/11/2006,9.19
07/11/2006,9.19
08/11/2006,9.19
09/11/2006,9.18
10/11/2006,9.18
13/11/2006,9.18
14/11/2006,9.18
15/11/2006,9.14
16/11/2006,9.11
17/11/2006,9.11
20/11/2006,9.16
21/11/2006,9.19
22/11/2006,9.16
23/11/2006,9.16
24/11/2006,9.13
27/11/2006,9.12
28/11/2006,9.12
29/11/2006,9.12
30/11/2006,9.12
04/12/2006,9.12
05/12/2006,9.03
06/12/2006,9
07/12/2006,9
08/12/2006,8.96
11/12/2006,8.96
12/12/2006,8.9
13/12/2006,8.86
14/12/2006,8.66
15/12/2006,8.63
18/12/2006,8.56
19/12/2006,8.53
20/12/2006,8.53
21/12/2006,8.56
22/12/2006,8.56
27/12/2006,8.56
28/12/2006,8.53
29/12/2006,8.58
03/01/2007,8.59
04/01/2007,8.25
05/01/2007,8.31
08/01/2007,8.22
09/01/2007,8.03
10/01/2007,7.72
11/01/2007,7.59
12/01/2007,7.22
15/01/2007,7.31
16/01/2007,7.25
17/01/2007,7.63
18/01/2007,7.69
19/01/2007,7.84
22/01/2007,8.13
23/01/2007,8.06
24/01/2007,8.13
25/01/2007,8.06
26/01/2007,8.13
29/01/2007,8.13
30/01/2007,8.16
31/01/2007,8.16
01/02/2007,8.41
02/02/2007,8.31
05/02/2007,8.41
06/02/2007,8.25
07/02/2007,8.25
08/02/2007,8.22
09/02/2007,8.16
12/02/2007,8.03
13/02/2007,7.84
14/02/2007,7.69
15/02/2007,7.78
16/02/2007,7.72
19/02/2007,7.66
20/02/2007,7.66
21/02/2007,7.66
22/02/2007,7.66
23/02/2007,7.69
26/02/2007,7.81
27/02/2007,7.84
28/02/2007,7.84
01/03/2007,7.84
02/03/2007,7.91
05/03/2007,7.91
06/03/2007,7.91
07/03/2007,7.91
08/03/2007,7.91
09/03/2007,7.91
12/03/2007,7.94
13/03/2007,7.94
14/03/2007,7.94
15/03/2007,8.25
16/03/2007,8.34
19/03/2007,8.41
20/03/2007,8.53
21/03/2007,8.53
22/03/2007,8.41
23/03/2007,8.38
26/03/2007,8.41
27/03/2007,7.91
28/03/2007,7.94
29/03/2007,7.94
30/03/2007,7.88
02/04/2007,7.88
03/04/2007,7.88
04/04/2007,7.88
05/04/2007,7.88
06/04/2007,7.88
10/04/2007,7.92
11/04/2007,7.74
12/04/2007,7.73
13/04/2007,7.68
16/04/2007,7.74
17/04/2007,7.68
18/04/2007,7.68
19/04/2007,7.68
20/04/2007,7.68
23/04/2007,7.68
24/04/2007,7.76
25/04/2007,7.92
26/04/2007,7.94
27/04/2007,8.41
30/04/2007,8.97
02/05/2007,8.69
03/05/2007,8.56
04/05/2007,8.66
07/05/2007,8.66
08/05/2007,8.56
09/05/2007,8.56
10/05/2007,8.56
11/05/2007,8.72
14/05/2007,8.75
15/05/2007,8.75
16/05/2007,8.47
17/05/2007,8.38
18/05/2007,8.38
21/05/2007,8.34
22/05/2007,8.03
23/05/2007,8.09
24/05/2007,7.97
25/05/2007,7.94
28/05/2007,7.91
29/05/2007,7.81
30/05/2007,7.75
31/05/2007,7.69
01/06/2007,7.69
04/06/2007,7.68
05/06/2007,7.78
06/06/2007,7.74
07/06/2007,7.8
08/06/2007,7.8
11/06/2007,7.8
12/06/2007,7.58
13/06/2007,7.58
14/06/2007,7.56
15/06/2007,7.55
18/06/2007,7.55
19/06/2007,7.51
20/06/2007,7.53
21/06/2007,7.5
22/06/2007,7.51
25/06/2007,7.53
26/06/2007,7.54
27/06/2007,7.58
28/06/2007,7.67
29/06/2007,7.67
02/07/2007,7.67
03/07/2007,7.61
04/07/2007,7.64
05/07/2007,7.64
06/07/2007,7.64
09/07/2007,7.64
10/07/2007,7.56
11/07/2007,7.53
12/07/2007,7.44
13/07/2007,7.34
16/07/2007,7.34
17/07/2007,7.19
18/07/2007,7.16
19/07/2007,7.13
20/07/2007,7.14
23/07/2007,7.16
24/07/2007,7.27
25/07/2007,7.27
26/07/2007,7.27
27/07/2007,7.24
30/07/2007,7.24
31/07/2007,7.14
01/08/2007,7.06
02/08/2007,7.06
03/08/2007,7.06
06/08/2007,7.14
07/08/2007,7.13
08/08/2007,7.09
09/08/2007,7.05
10/08/2007,7.05
13/08/2007,7.06
14/08/2007,7.11
15/08/2007,7.17
16/08/2007,7.17
17/08/2007,7.16
20/08/2007,7.19
21/08/2007,7.2
22/08/2007,7.25
23/08/2007,7.34
24/08/2007,7.26
27/08/2007,7.11
28/08/2007,7.09
29/08/2007,7.08
30/08/2007,7.11
31/08/2007,7.11
03/09/2007,7.11
04/09/2007,7.09
05/09/2007,7.09
06/09/2007,7.21
07/09/2007,7.2
10/09/2007,7.22
11/09/2007,7.21
12/09/2007,7.3
13/09/2007,7.21
14/09/2007,7.21
17/09/2007,7.28
18/09/2007,7.3
19/09/2007,7.29
20/09/2007,7.29
21/09/2007,7.29
24/09/2007,7.35
25/09/2007,7.36
26/09/2007,7.49
27/09/2007,7.56
28/09/2007,7.56
01/10/2007,7.59
02/10/2007,7.59
03/10/2007,7.69
04/10/2007,7.69
05/10/2007,7.71
08/10/2007,7.74
09/10/2007,7.66
10/10/2007,7.64
11/10/2007,7.69
12/10/2007,7.66
15/10/2007,7.63
16/10/2007,7.64
17/10/2007,7.64
18/10/2007,7.64
19/10/2007,7.68
22/10/2007,7.71
23/10/2007,7.74
24/10/2007,7.74
25/10/2007,7.74
26/10/2007,7.75
29/10/2007,7.8
30/10/2007,7.8
31/10/2007,7.83
01/11/2007,7.88
02/11/2007,7.88
05/11/2007,7.89
06/11/2007,7.93
07/11/2007,7.93
08/11/2007,7.98
09/11/2007,7.98
12/11/2007,7.98
13/11/2007,8
14/11/2007,8.01
15/11/2007,8.01
16/11/2007,8.03
19/11/2007,8.03
20/11/2007,8.11
21/11/2007,8.11
22/11/2007,8.12
23/11/2007,8.15
26/11/2007,8.17
27/11/2007,8.18
28/11/2007,8.18
29/11/2007,8.18
30/11/2007,8.17
03/12/2007,8.16
04/12/2007,8.16
05/12/2007,8.19
06/12/2007,8.23
07/12/2007,8.23
10/12/2007,8.23
11/12/2007,8.24
12/12/2007,8.28
13/12/2007,8.28
14/12/2007,8.28
17/12/2007,8.27
18/12/2007,8.28
19/12/2007,8.28
20/12/2007,8.29
21/12/2007,8.33
24/12/2007,8.38
27/12/2007,8.38
28/12/2007,8.38
03/01/2008,8.38
04/01/2008,8.39
07/01/2008,8.41
08/01/2008,8.52
09/01/2008,8.54
10/01/2008,8.64
11/01/2008,8.72
14/01/2008,8.71
15/01/2008,8.71
16/01/2008,8.74
17/01/2008,8.76
18/01/2008,8.76
21/01/2008,8.76
22/01/2008,8.76
23/01/2008,8.79
24/01/2008,9.09
25/01/2008,9.18
28/01/2008,9.23
29/01/2008,9.31
30/01/2008,9.33
31/01/2008,9.31
01/02/2008,9.43
04/02/2008,9.48
05/02/2008,9.63
06/02/2008,9.72
07/02/2008,9.81
08/02/2008,10
11/02/2008,10.19
12/02/2008,10.03
13/02/2008,9.96
14/02/2008,10.09
15/02/2008,9.99
18/02/2008,10.06
19/02/2008,10.06
20/02/2008,10.06
21/02/2008,10.17
22/02/2008,10.69
25/02/2008,10.73
26/02/2008,10.65
27/02/2008,10.7
28/02/2008,10.7
29/02/2008,10.7
03/03/2008,10.64
04/03/2008,10.64
05/03/2008,10.46
06/03/2008,10.71
07/03/2008,10.8
10/03/2008,10.83
11/03/2008,10.83
12/03/2008,10.81
13/03/2008,10.81
14/03/2008,10.8
17/03/2008,10.81
18/03/2008,10.85
19/03/2008,10.84
20/03/2008,10.94
21/03/2008,10.96
24/03/2008,10.95
25/03/2008,10.96
26/03/2008,10.95
27/03/2008,10.9
28/03/2008,10.97
31/03/2008,10.96
01/04/2008,10.92
02/04/2008,10.95
03/04/2008,10.95
04/04/2008,10.99
07/04/2008,10.99
08/04/2008,11.01
09/04/2008,11.45
10/04/2008,12.08
11/04/2008,12.43
14/04/2008,12.65
15/04/2008,12.66
16/04/2008,12.44
17/04/2008,12.46
18/04/2008,12.56
21/04/2008,12.51
22/04/2008,12.54
23/04/2008,12.46
24/04/2008,12.44
25/04/2008,12.31
29/04/2008,11.95
30/04/2008,11.87
02/05/2008,11.12
05/05/2008,11.13
06/05/2008,10.94
07/05/2008,11.06
08/05/2008,11.15
09/05/2008,11.19
12/05/2008,11.18
13/05/2008,11.1
14/05/2008,11.04
15/05/2008,11.04
16/05/2008,11.03
19/05/2008,11.01
20/05/2008,11.03
21/05/2008,11.05
22/05/2008,11.12
23/05/2008,11.09
26/05/2008,11.11
27/05/2008,11.2
28/05/2008,11.25
29/05/2008,11.34
30/05/2008,11.36
02/06/2008,11.36
03/06/2008,11.37
04/06/2008,11.35
05/06/2008,11.32
06/06/2008,11.38
09/06/2008,11.39
10/06/2008,11.4
11/06/2008,11.44
12/06/2008,11.44
13/06/2008,11.42
16/06/2008,11.42
17/06/2008,11.44
18/06/2008,11.41
19/06/2008,11.44
20/06/2008,11.54
23/06/2008,11.54
24/06/2008,11.72
25/06/2008,11.86
26/06/2008,11.99
27/06/2008,12.01
30/06/2008,12.03
01/07/2008,12.09
02/07/2008,12.04
03/07/2008,11.83
04/07/2008,11.79
07/07/2008,11.78
08/07/2008,11.74
09/07/2008,11.61
10/07/2008,11.55
11/07/2008,11.59
14/07/2008,11.52
15/07/2008,11.5
16/07/2008,11.51
17/07/2008,11.51
18/07/2008,11.49
21/07/2008,11.42
22/07/2008,11.42
23/07/2008,11.43
24/07/2008,11.48
25/07/2008,11.75
28/07/2008,11.81
29/07/2008,11.8
30/07/2008,11.78
31/07/2008,11.74
01/08/2008,11.78
04/08/2008,11.79
05/08/2008,11.76
06/08/2008,11.77
07/08/2008,11.85
08/08/2008,12.08
11/08/2008,12.22
12/08/2008,13.31
13/08/2008,12.83
14/08/2008,12.75
15/08/2008,12.53
18/08/2008,12.27
19/08/2008,12.17
20/08/2008,12.21
21/08/2008,12.29
22/08/2008,12.56
25/08/2008,12.6
26/08/2008,12.67
27/08/2008,12.75
28/08/2008,12.88
29/08/2008,13.18
01/09/2008,13.1
02/09/2008,13.14
03/09/2008,13.23
04/09/2008,13.29
05/09/2008,13.48
08/09/2008,13.54
09/09/2008,13.59
10/09/2008,13.67
11/09/2008,13.71
12/09/2008,13.54
15/09/2008,12.8
16/09/2008,12.81
17/09/2008,12.88
18/09/2008,12.91
19/09/2008,13.03
22/09/2008,13.27
23/09/2008,13.27
24/09/2008,13.34
25/09/2008,13.34
26/09/2008,13.04
29/09/2008,13.23
30/09/2008,13.69
01/10/2008,14.8
02/10/2008,15.16
03/10/2008,15.61
06/10/2008,15.95
07/10/2008,15.96
08/10/2008,16.04
09/10/2008,16.09
10/10/2008,16.31
13/10/2008,16.26
14/10/2008,15.98
15/10/2008,15.97
16/10/2008,25.34
17/10/2008,42.04
20/10/2008,49.81
21/10/2008,44.41
22/10/2008,39.19
23/10/2008,25.55
24/10/2008,18.09
27/10/2008,18.45
28/10/2008,18.73
29/10/2008,18.26
30/10/2008,17.8
31/10/2008,17.76
03/11/2008,17.66
04/11/2008,17.78
05/11/2008,17.53
06/11/2008,17.46
07/11/2008,17.38
10/11/2008,17.11
11/11/2008,16.98
12/11/2008,16.72
13/11/2008,16.16
14/11/2008,15.59
17/11/2008,15.83
18/11/2008,15.71
19/11/2008,15.71
20/11/2008,16.4
21/11/2008,16.78
24/11/2008,16.69
25/11/2008,16.3
26/11/2008,16.21
27/11/2008,16.04
28/11/2008,15.94
02/12/2008,15.86
03/12/2008,15.8
04/12/2008,15.79
05/12/2008,15.91
08/12/2008,15.86
09/12/2008,15.76
10/12/2008,15.73
11/12/2008,15.54
12/12/2008,15.36
15/12/2008,15.53
16/12/2008,15.54
17/12/2008,15.53
18/12/2008,15.24
19/12/2008,15.49
22/12/2008,15.61
23/12/2008,15.37
24/12/2008,15.71
29/12/2008,15.34
30/12/2008,15.44
31/12/2008,15.46
05/01/2009,15.34
06/01/2009,15.26
07/01/2009,15.23
08/01/2009,15.23
09/01/2009,15.18
12/01/2009,15.15
13/01/2009,15.15
14/01/2009,15.18
15/01/2009,15.31
16/01/2009,15.14
19/01/2009,15.12
20/01/2009,14.98
21/01/2009,14.93
22/01/2009,15.09
23/01/2009,15.21
26/01/2009,15.27
27/01/2009,15.31
28/01/2009,15.36
29/01/2009,15.23
30/01/2009,15.3
02/02/2009,15.31
03/02/2009,15.35
04/02/2009,15.34
05/02/2009,15.24
06/02/2009,15.35
09/02/2009,15.57
10/02/2009,15.49
11/02/2009,15.36
12/02/2009,15.24
13/02/2009,15.22
16/02/2009,15.39
17/02/2009,15.22
18/02/2009,15.22
19/02/2009,15.27
20/02/2009,15.39
23/02/2009,15.56
24/02/2009,15.62
25/02/2009,15.59
26/02/2009,15.59
27/02/2009,15.52
02/03/2009,15.47
03/03/2009,15.33
04/03/2009,15.38
05/03/2009,15.33
06/03/2009,15.49
09/03/2009,15.49
10/03/2009,15.46
11/03/2009,15.42
12/03/2009,15.41
13/03/2009,15.34
16/03/2009,15.35
17/03/2009,15.29
18/03/2009,15.25
19/03/2009,15.25
20/03/2009,15.23
23/03/2009,15.23
24/03/2009,15.29
25/03/2009,15.26
26/03/2009,15.09
27/03/2009,14.84
30/03/2009,14.76
31/03/2009,14.66
01/04/2009,14.76
02/04/2009,14.64
03/04/2009,14.58
06/04/2009,14.28
07/04/2009,14.03
08/04/2009,14.24
09/04/2009,14.24
10/04/2009,14.12
13/04/2009,14.2
14/04/2009,14.35
15/04/2009,14.42
16/04/2009,14.08
17/04/2009,14.16
21/04/2009,14.36
22/04/2009,14.41
23/04/2009,14.43
24/04/2009,14.33
27/04/2009,13.94
28/04/2009,13.84
29/04/2009,13.19
30/04/2009,12.99
04/05/2009,12.82
05/05/2009,12.76
06/05/2009,12.66
07/05/2009,12.26
08/05/2009,11.7
11/05/2009,11.64
12/05/2009,11.61
13/05/2009,11.51
14/05/2009,11.5
15/05/2009,11.51
18/05/2009,11.5
19/05/2009,11.17
20/05/2009,11.21
21/05/2009,11.09
22/05/2009,10.97
25/05/2009,10.74
26/05/2009,10.73
27/05/2009,10.74
28/05/2009,10.84
29/05/2009,10.83
01/06/2009,10.7
02/06/2009,10.62
03/06/2009,10.53
04/06/2009,10.62
05/06/2009,10.59
09/06/2009,10.63
10/06/2009,10.59
11/06/2009,10.54
12/06/2009,10.54
15/06/2009,10.46
16/06/2009,10.43
17/06/2009,10.43
18/06/2009,10.43
19/06/2009,10.43
22/06/2009,10.39
23/06/2009,10.39
24/06/2009,10.37
25/06/2009,10.34
26/06/2009,10.33
29/06/2009,10.3
30/06/2009,10.23
01/07/2009,9.92
02/07/2009,9.75
03/07/2009,9.65
06/07/2009,9.61
07/07/2009,9.59
08/07/2009,9.54
09/07/2009,9.52
10/07/2009,9.51
13/07/2009,9.49
14/07/2009,9.47
15/07/2009,9.42
16/07/2009,9.33
17/07/2009,9.33
20/07/2009,9.27
21/07/2009,9.3
22/07/2009,9.31
23/07/2009,9.29
24/07/2009,9.29
27/07/2009,9.3
28/07/2009,9.34
29/07/2009,9.42
30/07/2009,9.41
31/07/2009,9.48
03/08/2009,9.29
04/08/2009,9.25
05/08/2009,9.21
06/08/2009,9.16
07/08/2009,9.22
10/08/2009,9.17
11/08/2009,9.17
12/08/2009,9.21
13/08/2009,9.2
14/08/2009,9.29
17/08/2009,9.31
18/08/2009,9.32
19/08/2009,9.34
20/08/2009,9.34
21/08/2009,9.35
24/08/2009,9.37
25/08/2009,9.39
26/08/2009,9.44
27/08/2009,9.51
28/08/2009,9.47
31/08/2009,9.46
01/09/2009,9.48
02/09/2009,9.5
03/09/2009,9.57
04/09/2009,9.59
07/09/2009,9.61
08/09/2009,9.45
09/09/2009,9.43
10/09/2009,9.43
11/09/2009,9.23
14/09/2009,9.23
15/09/2009,9.23
16/09/2009,9.16
17/09/2009,9.15
18/09/2009,9.16
21/09/2009,9.04
22/09/2009,9.06
23/09/2009,9.06
24/09/2009,9.08
25/09/2009,9.15
28/09/2009,9.25
29/09/2009,9.34
30/09/2009,9.43
01/10/2009,9.74
02/10/2009,9.75
05/10/2009,9.88
06/10/2009,9.92
07/10/2009,9.92
08/10/2009,10.05
09/10/2009,10.11
12/10/2009,10.17
13/10/2009,10.26
14/10/2009,10.27
15/10/2009,10.36
16/10/2009,10.37
19/10/2009,10.38
20/10/2009,10.43
21/10/2009,10.44
22/10/2009,10.5
23/10/2009,10.52
26/10/2009,10.52
27/10/2009,10.56
28/10/2009,10.57
29/10/2009,10.7
30/10/2009,10.77
02/11/2009,10.78
03/11/2009,10.78
04/11/2009,10.78
05/11/2009,10.79
06/11/2009,10.75
09/11/2009,10.77
10/11/2009,10.53
11/11/2009,10.41
12/11/2009,10.36
13/11/2009,10.37
16/11/2009,10.36
17/11/2009,10.31
18/11/2009,10.38
19/11/2009,10.39
20/11/2009,10.4
23/11/2009,10.38
24/11/2009,10.26
25/11/2009,10.13
26/11/2009,10.11
27/11/2009,10.09
30/11/2009,10.03
02/12/2009,10.01
03/12/2009,9.88
04/12/2009,9.85
07/12/2009,9.99
08/12/2009,10.03
09/12/2009,10.3
10/12/2009,10.5
11/12/2009,10.49
14/12/2009,10.45
15/12/2009,10.48
16/12/2009,10.48
17/12/2009,10.5
18/12/2009,10.53
21/12/2009,10.54
22/12/2009,10.53
23/12/2009,10.56
24/12/2009,10.71
28/12/2009,10.87
29/12/2009,10.82
30/12/2009,10.76
31/12/2009,10.65
04/01/2010,10.49
05/01/2010,10.28
06/01/2010,9.76
07/01/2010,9.47
08/01/2010,9.04
11/01/2010,8.89
12/01/2010,8.64
13/01/2010,8.54
14/01/2010,8.51
15/01/2010,8.52
18/01/2010,8.51
19/01/2010,8.5
20/01/2010,8.5
21/01/2010,8.53
22/01/2010,8.5
25/01/2010,8.44
26/01/2010,8.24
27/01/2010,8.27
28/01/2010,8.27
29/01/2010,8.29
01/02/2010,8.15
02/02/2010,7.84
03/02/2010,7.24
04/02/2010,7.04
05/02/2010,7.29
08/02/2010,7.22
09/02/2010,7.19
10/02/2010,7.13
11/02/2010,7.01
12/02/2010,7.07
15/02/2010,7.01
16/02/2010,7.02
17/02/2010,7.03
18/02/2010,7.02
19/02/2010,7.11
22/02/2010,7.13
23/02/2010,7.13
24/02/2010,7.11
25/02/2010,6.97
26/02/2010,6.91
01/03/2010,6.9
02/03/2010,6.76
03/03/2010,6.67
04/03/2010,6.73
05/03/2010,6.66
08/03/2010,6.6
09/03/2010,6.51
10/03/2010,6.47
11/03/2010,6.38
12/03/2010,6.19
15/03/2010,6.13
16/03/2010,6.1
17/03/2010,6.14
18/03/2010,6.14
19/03/2010,6.13
22/03/2010,6.23
23/03/2010,6.22
24/03/2010,6.16
25/03/2010,5.94
26/03/2010,5.77
29/03/2010,5.68
30/03/2010,5.7
31/03/2010,5.68
01/04/2010,5.68
02/04/2010,5.58
06/04/2010,5.56
07/04/2010,5.39
08/04/2010,5.22
09/04/2010,5.2
12/04/2010,5.21
13/04/2010,5.19
14/04/2010,5.18
15/04/2010,5.1
16/04/2010,5.01
19/04/2010,4.98
20/04/2010,4.9
21/04/2010,4.85
22/04/2010,4.75
23/04/2010,4.71
26/04/2010,5
27/04/2010,4.94
28/04/2010,5.56
29/04/2010,6.06
30/04/2010,6.03
03/05/2010,5.95
04/05/2010,5.87
05/05/2010,6
06/05/2010,6.48
07/05/2010,7.81
10/05/2010,6.56
11/05/2010,6.53
12/05/2010,6.44
13/05/2010,6.44
14/05/2010,6.45
17/05/2010,6.46
18/05/2010,6.5
19/05/2010,6.67
20/05/2010,6.75
21/05/2010,6.88
25/05/2010,7.05
26/05/2010,7.21
27/05/2010,7.07
28/05/2010,6.77
31/05/2010,6.75
01/06/2010,6.73
02/06/2010,6.76
03/06/2010,6.76
04/06/2010,6.7
07/06/2010,6.81
08/06/2010,6.87
09/06/2010,6.86
10/06/2010,6.82
11/06/2010,6.85
14/06/2010,6.93
15/06/2010,6.92
16/06/2010,6.78
17/06/2010,6.78
18/06/2010,6.8
21/06/2010,6.84
22/06/2010,6.88
23/06/2010,6.85
24/06/2010,6.83
25/06/2010,6.82
28/06/2010,6.94
29/06/2010,7.08
30/06/2010,7.16
01/07/2010,7.27
02/07/2010,7.26
05/07/2010,7.27
06/07/2010,7.25
07/07/2010,7.24
08/07/2010,7.18
09/07/2010,7.2
12/07/2010,7.22
13/07/2010,7.21
14/07/2010,7.16
15/07/2010,7.13
16/07/2010,7.14
19/07/2010,7.18
20/07/2010,7.23
21/07/2010,7.21
22/07/2010,7.21
23/07/2010,7.24
26/07/2010,7.24
27/07/2010,7.18
28/07/2010,7.07
29/07/2010,6.92
30/07/2010,6.78
02/08/2010,6.71
03/08/2010,6.62
04/08/2010,6.63
05/08/2010,6.62
06/08/2010,6.63
09/08/2010,6.69
10/08/2010,6.7
11/08/2010,6.75
12/08/2010,6.73
13/08/2010,6.74
16/08/2010,6.71
17/08/2010,6.69
18/08/2010,6.7
19/08/2010,6.7
20/08/2010,6.73
23/08/2010,6.72
24/08/2010,6.76
25/08/2010,6.73
26/08/2010,6.71
27/08/2010,6.7
30/08/2010,6.75
31/08/2010,6.8
01/09/2010,6.76
02/09/2010,6.73
03/09/2010,6.75
06/09/2010,6.71
07/09/2010,6.73
08/09/2010,6.72
09/09/2010,6.74
10/09/2010,6.71
13/09/2010,6.7
14/09/2010,6.69
15/09/2010,6.67
16/09/2010,6.69
17/09/2010,6.7
20/09/2010,6.73
21/09/2010,6.76
22/09/2010,6.77
23/09/2010,6.76
24/09/2010,6.71
27/09/2010,6.68
28/09/2010,6.74
29/09/2010,6.76
30/09/2010,6.76
01/10/2010,6.75
04/10/2010,6.72
05/10/2010,6.73
06/10/2010,6.71
07/10/2010,6.7
08/10/2010,6.71
11/10/2010,6.66
12/10/2010,6.7
13/10/2010,6.67
14/10/2010,6.69
15/10/2010,6.68
18/10/2010,6.69
19/10/2010,6.7
20/10/2010,6.71
21/10/2010,6.75
22/10/2010,6.73
25/10/2010,6.65
26/10/2010,6.65
27/10/2010,6.66
28/10/2010,6.66
29/10/2010,6.64
01/11/2010,6.64
02/11/2010,6.66
03/11/2010,6.72
04/11/2010,6.68
05/11/2010,6.67
08/11/2010,6.67
09/11/2010,6.68
10/11/2010,6.64
11/11/2010,6.62
12/11/2010,6.59
15/11/2010,6.6
16/11/2010,6.59
17/11/2010,6.58
18/11/2010,6.57
19/11/2010,6.58
22/11/2010,6.61
23/11/2010,6.61
24/11/2010,6.56
25/11/2010,6.54
26/11/2010,6.46
29/11/2010,6.46
30/11/2010,6.4
02/12/2010,6.38
03/12/2010,6.35
06/12/2010,6.35
07/12/2010,6.36
08/12/2010,6.33
09/12/2010,6.32
10/12/2010,6.29
13/12/2010,6.27
14/12/2010,6.23
15/12/2010,6.19
16/12/2010,6.19
17/12/2010,6.2
20/12/2010,6.22
21/12/2010,6.21
22/12/2010,6.21
23/12/2010,6.22
24/12/2010,6.21
27/12/2010,6.21
28/12/2010,6.23
29/12/2010,6.18
30/12/2010,6.21
31/12/2010,6.17
03/01/2011,6.12
04/01/2011,6.09
05/01/2011,5.87
06/01/2011,5.64
07/01/2011,5.55
10/01/2011,5.41
11/01/2011,5.34
12/01/2011,5.26
13/01/2011,5.19
14/01/2011,5.16
17/01/2011,5.08
18/01/2011,5.05
19/01/2011,5.03
20/01/2011,5.03
21/01/2011,5.01
24/01/2011,4.96
25/01/2011,4.96
26/01/2011,4.98
27/01/2011,4.99
28/01/2011,5.04
31/01/2011,5.04
01/02/2011,5.02
02/02/2011,5.04
03/02/2011,5.04
04/02/2011,5.01
07/02/2011,5.03
08/02/2011,5.3
09/02/2011,5.56
10/02/2011,5.58
11/02/2011,5.62
14/02/2011,5.73
15/02/2011,5.92
16/02/2011,6.06
17/02/2011,6.11
18/02/2011,6.09
21/02/2011,6.12
22/02/2011,6.26
23/02/2011,6.37
24/02/2011,6.35
25/02/2011,6.31
28/02/2011,6.35
01/03/2011,6.32
02/03/2011,6.32
03/03/2011,6.32
04/03/2011,6.24
07/03/2011,6.24
08/03/2011,6.21
09/03/2011,6.16
10/03/2011,6.12
11/03/2011,6.23
14/03/2011,6.25
15/03/2011,6.17
16/03/2011,6.19
17/03/2011,6.18
18/03/2011,6.18
21/03/2011,6.21
22/03/2011,6.2
23/03/2011,6.14
24/03/2011,5.99
25/03/2011,5.87
28/03/2011,5.76
29/03/2011,5.72
30/03/2011,5.67
31/03/2011,5.68
01/04/2011,5.67
04/04/2011,5.65
05/04/2011,5.65
06/04/2011,5.66
07/04/2011,5.68
08/04/2011,5.67
11/04/2011,5.67
12/04/2011,5.7
13/04/2011,5.68
14/04/2011,5.71
15/04/2011,5.71
18/04/2011,5.71
19/04/2011,5.72
20/04/2011,5.8
21/04/2011,5.81
22/04/2011,5.87
26/04/2011,5.81
27/04/2011,5.73
28/04/2011,5.75
29/04/2011,5.71
02/05/2011,5.69
03/05/2011,5.67
04/05/2011,5.65
05/05/2011,5.56
06/05/2011,5.5
09/05/2011,5.48
10/05/2011,5.48
11/05/2011,5.52
12/05/2011,5.5
13/05/2011,5.51
16/05/2011,5.48
17/05/2011,5.48
18/05/2011,5.47
19/05/2011,5.47
20/05/2011,5.46
23/05/2011,5.47
24/05/2011,5.45
25/05/2011,5.42
26/05/2011,5.44
27/05/2011,5.44
30/05/2011,5.43
31/05/2011,5.55
01/06/2011,5.66
02/06/2011,5.64
03/06/2011,5.54
06/06/2011,5.49
07/06/2011,5.51
08/06/2011,5.45
09/06/2011,5.44
10/06/2011,5.41
14/06/2011,5.4
15/06/2011,5.43
16/06/2011,5.43
17/06/2011,5.48
20/06/2011,5.56
21/06/2011,5.55
22/06/2011,5.53
23/06/2011,5.51
24/06/2011,5.5
27/06/2011,5.51
28/06/2011,5.48
29/06/2011,5.47
30/06/2011,5.49
01/07/2011,5.49
04/07/2011,5.47
05/07/2011,5.43
06/07/2011,5.35
07/07/2011,5.35
08/07/2011,5.37
11/07/2011,5.34
12/07/2011,5.4
13/07/2011,5.35
14/07/2011,5.35
15/07/2011,5.32
18/07/2011,5.35
19/07/2011,5.35
20/07/2011,5.33
21/07/2011,5.35
22/07/2011,5.35
25/07/2011,5.37
26/07/2011,5.41
27/07/2011,5.28
28/07/2011,5.25
29/07/2011,5.27
01/08/2011,5.28
02/08/2011,5.29
03/08/2011,5.33
04/08/2011,5.3
05/08/2011,5.35
08/08/2011,5.45
09/08/2011,5.49
10/08/2011,5.45
11/08/2011,5.55
12/08/2011,6.02
16/08/2011,6.03
17/08/2011,6.27
18/08/2011,6.26
19/08/2011,6.22
22/08/2011,6.23
23/08/2011,6.21
24/08/2011,6.13
25/08/2011,6.08
26/08/2011,6.18
29/08/2011,6.19
30/08/2011,6.13
31/08/2011,6.19
01/09/2011,6.15
02/09/2011,6.09
05/09/2011,5.99
06/09/2011,5.96
07/09/2011,5.89
08/09/2011,5.83
09/09/2011,5.83
12/09/2011,5.84
13/09/2011,5.86
14/09/2011,5.89
15/09/2011,5.93
16/09/2011,5.91
19/09/2011,5.94
20/09/2011,5.91
21/09/2011,5.98
22/09/2011,6.06
23/09/2011,6.21
26/09/2011,6.28
27/09/2011,6.25
28/09/2011,6.21
29/09/2011,6.16
30/09/2011,6.21
03/10/2011,6.23
04/10/2011,6.23
05/10/2011,6.21
06/10/2011,6.2
07/10/2011,6.19
10/10/2011,6.19
11/10/2011,6.22
12/10/2011,6.22
13/10/2011,6.21
14/10/2011,6.16
17/10/2011,6.2
18/10/2011,6.18
19/10/2011,6.19
20/10/2011,6.22
21/10/2011,6.23
24/10/2011,6.21
25/10/2011,6.19
26/10/2011,6.21
27/10/2011,6.21
28/10/2011,6.22
31/10/2011,6.22
01/11/2011,6.22
02/11/2011,6.21
03/11/2011,6.11
04/11/2011,6.06
07/11/2011,6.05
08/11/2011,6.04
09/11/2011,6.04
10/11/2011,6.04
11/11/2011,6.07
14/11/2011,6.08
15/11/2011,6.19
16/11/2011,6.41
17/11/2011,6.45
18/11/2011,6.44
21/11/2011,6.42
22/11/2011,6.43
23/11/2011,6.41
24/11/2011,6.42
25/11/2011,6.4
28/11/2011,6.4
29/11/2011,6.39
30/11/2011,6.4
02/12/2011,6.36
05/12/2011,6.38
06/12/2011,6.36
07/12/2011,6.37
08/12/2011,6.36
09/12/2011,6.38
12/12/2011,6.36
13/12/2011,6.36
14/12/2011,6.33
15/12/2011,6.33
16/12/2011,6.3
19/12/2011,6.34
20/12/2011,6.29
21/12/2011,6.28
22/12/2011,6.27
23/12/2011,6.28
27/12/2011,6.27
28/12/2011,6.21
29/12/2011,6.14
30/12/2011,6.05
04/01/2012,5.98
05/01/2012,5.86
06/01/2012,5.73
09/01/2012,5.68
10/01/2012,5.62
11/01/2012,5.53
12/01/2012,5.48
13/01/2012,5.44
16/01/2012,5.41
17/01/2012,5.4
18/01/2012,5.43
19/01/2012,5.46
20/01/2012,5.46
23/01/2012,5.46
24/01/2012,5.39
25/01/2012,5.39
26/01/2012,5.39
27/01/2012,5.4
30/01/2012,5.38
31/01/2012,5.37
01/02/2012,5.35
02/02/2012,5.28
03/02/2012,5.21
06/02/2012,5.14
07/02/2012,5.06
08/02/2012,5.04
09/02/2012,5.04
10/02/2012,5.01
13/02/2012,5.01
14/02/2012,4.99
15/02/2012,5.01
16/02/2012,5.01
17/02/2012,5
20/02/2012,5
21/02/2012,5
22/02/2012,5.03
23/02/2012,4.98
24/02/2012,4.99
27/02/2012,4.94
28/02/2012,4.93
29/02/2012,4.92
01/03/2012,4.83
02/03/2012,4.71
05/03/2012,4.66
06/03/2012,4.53
07/03/2012,4.48
08/03/2012,4.41
09/03/2012,4.36
12/03/2012,4.33
13/03/2012,4.32
14/03/2012,4.29
15/03/2012,4.25
16/03/2012,4.26
19/03/2012,4.39
20/03/2012,4.41
21/03/2012,4.49
22/03/2012,4.59
23/03/2012,4.61
26/03/2012,4.63
27/03/2012,4.62
28/03/2012,4.62
29/03/2012,4.59
30/03/2012,4.57
02/04/2012,4.53
03/04/2012,4.53
04/04/2012,4.51
05/04/2012,4.46
06/04/2012,4.4
09/04/2012,4.36
10/04/2012,4.33
11/04/2012,4.23
12/04/2012,4.21
13/04/2012,4.23
17/04/2012,4.24
18/04/2012,4.29
19/04/2012,4.3
20/04/2012,4.42
23/04/2012,4.44
24/04/2012,4.39
25/04/2012,4.36
26/04/2012,4.36
27/04/2012,4.41
30/04/2012,4.44
02/05/2012,4.5
03/05/2012,4.49
04/05/2012,4.51
07/05/2012,4.51
08/05/2012,4.49
09/05/2012,4.48
10/05/2012,4.48
11/05/2012,4.48
14/05/2012,4.5
15/05/2012,4.71
16/05/2012,4.96
17/05/2012,5.16
18/05/2012,5.45
21/05/2012,5.34
22/05/2012,5.33
23/05/2012,5.32
24/05/2012,5.34
25/05/2012,5.32
28/05/2012,5.33
29/05/2012,5.3
30/05/2012,5.32
31/05/2012,5.32
01/06/2012,5.32
05/06/2012,5.36
06/06/2012,5.36
07/06/2012,5.36
08/06/2012,5.35
11/06/2012,5.37
12/06/2012,5.38
13/06/2012,5.39
14/06/2012,5.39
15/06/2012,5.39
18/06/2012,5.39
19/06/2012,5.28
20/06/2012,5.29
21/06/2012,5.34
22/06/2012,5.37
25/06/2012,5.41
26/06/2012,5.4
27/06/2012,5.28
28/06/2012,5.26
29/06/2012,5.28
02/07/2012,5.31
03/07/2012,5.31
04/07/2012,5.32
05/07/2012,5.36
06/07/2012,5.38
09/07/2012,5.42
10/07/2012,5.38
11/07/2012,5.33
12/07/2012,5.29
13/07/2012,5.27
16/07/2012,5.29
17/07/2012,5.3
18/07/2012,5.29
19/07/2012,5.31
20/07/2012,5.36
23/07/2012,5.4
24/07/2012,5.41
25/07/2012,5.4
26/07/2012,5.38
27/07/2012,5.38
30/07/2012,5.38
31/07/2012,5.38
01/08/2012,5.36
02/08/2012,5.38
03/08/2012,5.39
06/08/2012,5.39
07/08/2012,5.63
08/08/2012,5.65
09/08/2012,5.67
10/08/2012,5.7
13/08/2012,5.74
14/08/2012,6.01
16/08/2012,6.05
17/08/2012,5.86
20/08/2012,5.87
21/08/2012,5.86
22/08/2012,5.9
23/08/2012,5.96
24/08/2012,5.96
27/08/2012,5.91
28/08/2012,5.89
29/08/2012,5.88
30/08/2012,5.84
31/08/2012,5.83
03/09/2012,5.84
04/09/2012,5.81
05/09/2012,5.79
06/09/2012,5.78
07/09/2012,5.79
10/09/2012,5.79
11/09/2012,5.78
12/09/2012,5.76
13/09/2012,5.76
14/09/2012,5.73
17/09/2012,5.72
18/09/2012,5.69
19/09/2012,5.65
20/09/2012,5.64
21/09/2012,5.65
24/09/2012,5.63
25/09/2012,5.64
26/09/2012,5.63
27/09/2012,5.62
28/09/2012,5.63
01/10/2012,5.63
02/10/2012,5.62
03/10/2012,5.63
04/10/2012,5.63
05/10/2012,5.62
08/10/2012,5.64
09/10/2012,5.66
10/10/2012,5.72
11/10/2012,5.72
12/10/2012,5.74
15/10/2012,5.74
16/10/2012,5.76
17/10/2012,5.76
18/10/2012,5.75
19/10/2012,5.74
22/10/2012,5.75
23/10/2012,5.76
24/10/2012,5.76
25/10/2012,5.75
26/10/2012,5.75
29/10/2012,5.74
30/10/2012,5.74
31/10/2012,5.73
01/11/2012,5.73
02/11/2012,5.76
05/11/2012,5.75
06/11/2012,5.75
07/11/2012,5.76
08/11/2012,5.76
09/11/2012,5.77
12/11/2012,5.79
13/11/2012,5.82
14/11/2012,5.83
15/11/2012,5.82
16/11/2012,5.87
19/11/2012,5.88
20/11/2012,5.87
21/11/2012,5.9
22/11/2012,5.99
23/11/2012,6.01
26/11/2012,5.99
27/11/2012,6.1
28/11/2012,6.21
29/11/2012,6.29
03/12/2012,6.3
04/12/2012,6.25
05/12/2012,6.16
06/12/2012,6.1
07/12/2012,6.12
10/12/2012,6.09
11/12/2012,6.03
12/12/2012,6.04
13/12/2012,6.01
14/12/2012,6.04
17/12/2012,6.01
18/12/2012,5.91
19/12/2012,5.85
20/12/2012,5.85
21/12/2012,5.96
24/12/2012,6.01
27/12/2012,6.02
28/12/2012,6.03
31/12/2012,6.05
03/01/2013,6.03
04/01/2013,6.03
07/01/2013,6
08/01/2013,5.98
09/01/2013,5.97
10/01/2013,5.96
11/01/2013,5.98
14/01/2013,6
15/01/2013,6
16/01/2013,6
17/01/2013,5.95
18/01/2013,5.94
21/01/2013,5.9
22/01/2013,5.88
23/01/2013,5.88
24/01/2013,5.88
25/01/2013,5.91
28/01/2013,5.97
29/01/2013,5.94
30/01/2013,5.95
31/01/2013,5.96
01/02/2013,5.98
04/02/2013,5.98
05/02/2013,5.98
06/02/2013,5.96
07/02/2013,5.96
08/02/2013,5.94
11/02/2013,5.97
12/02/2013,5.92
13/02/2013,5.85
14/02/2013,5.85
15/02/2013,5.83
18/02/2013,5.85
19/02/2013,5.76
20/02/2013,5.73
21/02/2013,5.73
22/02/2013,5.74
25/02/2013,5.74
26/02/2013,5.73
27/02/2013,5.73
28/02/2013,5.71
01/03/2013,5.7
04/03/2013,5.71
05/03/2013,5.67
06/03/2013,5.63
07/03/2013,5.56
08/03/2013,5.49
11/03/2013,5.43
12/03/2013,5.37
13/03/2013,5.26
14/03/2013,5.21
15/03/2013,5.17
18/03/2013,5.18
19/03/2013,5.18
20/03/2013,5.2
21/03/2013,5.23
22/03/2013,5.28
25/03/2013,5.28
26/03/2013,5.24
27/03/2013,5.19
28/03/2013,5.21
29/03/2013,5.2
01/04/2013,5.23
02/04/2013,5.17
03/04/2013,5.03
04/04/2013,4.92
05/04/2013,4.85
08/04/2013,4.87
09/04/2013,4.82
10/04/2013,4.74
11/04/2013,4.54
12/04/2013,4.5
15/04/2013,4.46
16/04/2013,4.43
17/04/2013,4.33
18/04/2013,4.35
19/04/2013,4.39
22/04/2013,4.36
23/04/2013,4.38
24/04/2013,4.32
25/04/2013,4.17
26/04/2013,4.13
29/04/2013,4.23
30/04/2013,4.21
02/05/2013,4.19
03/05/2013,4.19
07/05/2013,4.13
08/05/2013,4.03
09/05/2013,3.9
10/05/2013,3.86
13/05/2013,3.84
14/05/2013,3.85
15/05/2013,3.88
16/05/2013,3.95
17/05/2013,4.04
20/05/2013,4.14
21/05/2013,4.13
22/05/2013,4.14
23/05/2013,4.21
24/05/2013,4.29
27/05/2013,4.24
28/05/2013,4.19
29/05/2013,4.16
30/05/2013,4.11
31/05/2013,4.15
03/06/2013,4.22
04/06/2013,4.18
05/06/2013,4.16
06/06/2013,4.25
07/06/2013,4.55
10/06/2013,4.71
11/06/2013,4.53
12/06/2013,4.44
13/06/2013,4.42
14/06/2013,4.44
17/06/2013,4.42
18/06/2013,4.38
19/06/2013,4.43
20/06/2013,4.52
21/06/2013,4.53
25/06/2013,4.55
26/06/2013,4.55
27/06/2013,4.57
28/06/2013,4.61
01/07/2013,4.63
02/07/2013,4.62
03/07/2013,4.6
04/07/2013,4.59
05/07/2013,4.61
08/07/2013,4.6
09/07/2013,4.59
10/07/2013,4.53
11/07/2013,4.44
12/07/2013,4.41
15/07/2013,4.41
16/07/2013,4.4
17/07/2013,4.47
18/07/2013,4.48
19/07/2013,4.47
22/07/2013,4.5
23/07/2013,4.51
24/07/2013,4.48
25/07/2013,4.5
26/07/2013,4.51
29/07/2013,4.55
30/07/2013,4.54
31/07/2013,4.52
01/08/2013,4.49
02/08/2013,4.45
05/08/2013,4.4
06/08/2013,4.28
07/08/2013,4.14
08/08/2013,4.01
09/08/2013,3.92
12/08/2013,3.88
13/08/2013,3.81
14/08/2013,3.76
16/08/2013,3.76
19/08/2013,3.73
20/08/2013,3.71
21/08/2013,3.71
22/08/2013,3.72
23/08/2013,3.72
26/08/2013,3.73
27/08/2013,3.71
28/08/2013,3.73
29/08/2013,3.75
30/08/2013,3.78
02/09/2013,3.87
03/09/2013,3.87
04/09/2013,3.85
05/09/2013,3.84
06/09/2013,3.84
09/09/2013,3.85
10/09/2013,3.83
11/09/2013,3.82
12/09/2013,3.83
13/09/2013,3.82
16/09/2013,3.78
17/09/2013,3.69
18/09/2013,3.63
19/09/2013,3.56
20/09/2013,3.53
23/09/2013,3.53
24/09/2013,3.38
25/09/2013,3.24
26/09/2013,3.32
27/09/2013,3.28
30/09/2013,3.29
01/10/2013,3.26
02/10/2013,3.17
03/10/2013,3.18
04/10/2013,3.23
07/10/2013,3.29
08/10/2013,3.18
09/10/2013,3.16
10/10/2013,3.22
11/10/2013,3.25
14/10/2013,3.24
15/10/2013,3.23
16/10/2013,3.22
17/10/2013,3.17
18/10/2013,3.14
21/10/2013,3.12
22/10/2013,3.1
23/10/2013,3.12
24/10/2013,3.03
25/10/2013,2.99
28/10/2013,2.96
29/10/2013,2.9
30/10/2013,2.76
31/10/2013,2.71
01/11/2013,2.71
04/11/2013,2.71
05/11/2013,2.65
06/11/2013,2.59
07/11/2013,2.56
08/11/2013,2.58
11/11/2013,2.61
12/11/2013,2.67
13/11/2013,2.76
14/11/2013,2.86
15/11/2013,2.79
18/11/2013,2.81
19/11/2013,2.72
20/11/2013,2.67
21/11/2013,2.66
22/11/2013,2.7
25/11/2013,2.7
26/11/2013,2.68
27/11/2013,2.7
28/11/2013,2.68
29/11/2013,2.7
02/12/2013,2.7
03/12/2013,2.74
04/12/2013,2.77
05/12/2013,2.77
06/12/2013,2.7
09/12/2013,2.71
10/12/2013,2.72
11/12/2013,2.63
12/12/2013,2.57
13/12/2013,2.54
16/12/2013,2.53
17/12/2013,2.46
18/12/2013,2.46
19/12/2013,2.49
20/12/2013,2.48
23/12/2013,2.49
24/12/2013,2.5
27/12/2013,2.48
30/12/2013,2.44
31/12/2013,2.44
03/01/2014,2.33
06/01/2014,2.26
07/01/2014,2.21
08/01/2014,2.16
09/01/2014,2.1
10/01/2014,2.03
13/01/2014,2.03
14/01/2014,1.99
15/01/2014,1.98
16/01/2014,1.96
17/01/2014,1.98
20/01/2014,1.99
21/01/2014,1.99
22/01/2014,1.98
23/01/2014,1.97
24/01/2014,1.94
27/01/2014,1.96
28/01/2014,1.95
29/01/2014,1.94
30/01/2014,2.43
31/01/2014,3.52
03/02/2014,3.54
04/02/2014,3.52
05/02/2014,3.55
06/02/2014,3.57
07/02/2014,3.5
10/02/2014,3.48
11/02/2014,3.43
12/02/2014,3.49
13/02/2014,3.59
14/02/2014,3.59
17/02/2014,3.64
18/02/2014,3.66
19/02/2014,3.63
20/02/2014,3.76
21/02/2014,3.73
24/02/2014,3.55
25/02/2014,3.46
26/02/2014,3.4
27/02/2014,3.38
28/02/2014,3.36
03/03/2014,3.36
04/03/2014,3.36
05/03/2014,3.37
06/03/2014,3.21
07/03/2014,3.07
10/03/2014,3.06
11/03/2014,3.02
12/03/2014,3
13/03/2014,2.99
14/03/2014,3
17/03/2014,3.02
18/03/2014,3.06
19/03/2014,3.05
20/03/2014,3.08
21/03/2014,3.07
24/03/2014,3.01
25/03/2014,2.97
26/03/2014,2.97
27/03/2014,2.97
28/03/2014,2.98
31/03/2014,2.97
01/04/2014,2.96
02/04/2014,2.96
03/04/2014,2.95
04/04/2014,2.93
07/04/2014,2.95
08/04/2014,2.93
09/04/2014,2.94
10/04/2014,2.96
11/04/2014,2.97
14/04/2014,2.97
15/04/2014,2.98
16/04/2014,2.95
17/04/2014,2.96
18/04/2014,2.96
22/04/2014,2.98
23/04/2014,3.06
24/04/2014,3.02
25/04/2014,3
28/04/2014,3.08
29/04/2014,3.17
30/04/2014,3.14
02/05/2014,3.15
05/05/2014,3.15
06/05/2014,3.13
07/05/2014,3.16
08/05/2014,3.09
09/05/2014,3.04
12/05/2014,3
13/05/2014,2.96
14/05/2014,2.86
15/05/2014,2.78
16/05/2014,2.77
19/05/2014,2.75
20/05/2014,2.76
21/05/2014,2.77
22/05/2014,2.76
23/05/2014,2.76
26/05/2014,2.73
27/05/2014,2.71
28/05/2014,2.67
29/05/2014,2.67
30/05/2014,2.68
02/06/2014,2.69
03/06/2014,2.68
04/06/2014,2.68
05/06/2014,2.67
06/06/2014,2.63
10/06/2014,2.57
11/06/2014,2.52
12/06/2014,2.45
13/06/2014,2.41
16/06/2014,2.39
17/06/2014,2.4
18/06/2014,2.38
19/06/2014,2.38
20/06/2014,2.39
23/06/2014,2.4
24/06/2014,2.39
25/06/2014,2.43
26/06/2014,2.43
27/06/2014,2.41
30/06/2014,2.42
01/07/2014,2.41
02/07/2014,2.39
03/07/2014,2.34
04/07/2014,2.3
07/07/2014,2.29
08/07/2014,2.22
09/07/2014,2.17
10/07/2014,2.17
11/07/2014,2.23
14/07/2014,2.21
15/07/2014,2.18
16/07/2014,2.17
17/07/2014,2.19
18/07/2014,2.2
21/07/2014,2.19
22/07/2014,2.2
23/07/2014,2.2
24/07/2014,2.2
25/07/2014,2.2
28/07/2014,2.17
29/07/2014,2.16
30/07/2014,2.16
31/07/2014,2.17
01/08/2014,2.16
04/08/2014,2.15
05/08/2014,2.1
06/08/2014,2.08
07/08/2014,2.1
08/08/2014,2.09
11/08/2014,2.1
12/08/2014,2.15
13/08/2014,2.2
14/08/2014,2.19
18/08/2014,2.17
19/08/2014,2.18
20/08/2014,2.18
21/08/2014,2.18
22/08/2014,2.19
25/08/2014,2.19
26/08/2014,2.21
27/08/2014,2.24
28/08/2014,2.23
29/08/2014,2.28
01/09/2014,2.28
02/09/2014,2.3
03/09/2014,2.38
04/09/2014,2.39
05/09/2014,2.38
08/09/2014,2.39
09/09/2014,2.58
10/09/2014,2.78
11/09/2014,2.76
12/09/2014,2.83
15/09/2014,2.86
16/09/2014,2.9
17/09/2014,2.88
18/09/2014,2.89
19/09/2014,2.89
22/09/2014,2.91
23/09/2014,2.99
24/09/2014,3.05
25/09/2014,3.09
26/09/2014,3.09
29/09/2014,3.11
30/09/2014,3.1
01/10/2014,3.01
02/10/2014,3.01
03/10/2014,2.98
06/10/2014,2.94
07/10/2014,2.93
08/10/2014,2.94
09/10/2014,2.93
10/10/2014,2.94
13/10/2014,2.92
14/10/2014,2.89
15/10/2014,2.77
16/10/2014,2.71
17/10/2014,2.65
20/10/2014,2.62
21/10/2014,2.51
22/10/2014,2.5
23/10/2014,2.48
24/10/2014,2.42
27/10/2014,2.33
28/10/2014,2.2
29/10/2014,2.16
30/10/2014,2.1
31/10/2014,2.07
03/11/2014,1.94
04/11/2014,1.88
05/11/2014,1.83
06/11/2014,1.82
07/11/2014,1.83
10/11/2014,1.84
11/11/2014,1.84
12/11/2014,1.81
13/11/2014,1.8
14/11/2014,1.81
17/11/2014,1.79
18/11/2014,1.8
19/11/2014,1.8
20/11/2014,1.81
21/11/2014,1.81
24/11/2014,1.81
25/11/2014,1.8
26/11/2014,1.78
27/11/2014,1.76
28/11/2014,1.73
02/12/2014,1.71
03/12/2014,1.69
04/12/2014,1.68
05/12/2014,1.68
08/12/2014,1.66
09/12/2014,1.65
10/12/2014,1.65
11/12/2014,1.64
12/12/2014,1.64
15/12/2014,1.65
16/12/2014,1.74
17/12/2014,1.74
18/12/2014,1.73
19/12/2014,1.72
22/12/2014,1.74
23/12/2014,1.74
24/12/2014,1.71
29/12/2014,1.71
30/12/2014,1.71
31/12/2014,1.7
05/01/2015,1.68
06/01/2015,1.68
07/01/2015,1.63
08/01/2015,1.59
09/01/2015,1.54
12/01/2015,1.55
13/01/2015,1.55
14/01/2015,1.56
15/01/2015,1.57
16/01/2015,1.6
19/01/2015,1.6
20/01/2015,1.59
21/01/2015,1.58
22/01/2015,1.57
23/01/2015,1.57
26/01/2015,1.57
27/01/2015,1.56
28/01/2015,1.53
29/01/2015,1.54
30/01/2015,1.5
02/02/2015,1.49
03/02/2015,1.48
04/02/2015,1.47
05/02/2015,1.41
06/02/2015,1.41
09/02/2015,1.4
10/02/2015,1.41
11/02/2015,1.41
12/02/2015,1.43
13/02/2015,1.41
16/02/2015,1.42
17/02/2015,1.4
18/02/2015,1.42
19/02/2015,1.41
20/02/2015,1.41
23/02/2015,1.4
24/02/2015,1.4
25/02/2015,1.38
26/02/2015,1.4
27/02/2015,1.38
02/03/2015,1.4
03/03/2015,1.39
04/03/2015,1.37
05/03/2015,1.36
06/03/2015,1.34
09/03/2015,1.34
10/03/2015,1.33
11/03/2015,1.32
12/03/2015,1.32
13/03/2015,1.32
16/03/2015,1.29
17/03/2015,1.28
18/03/2015,1.31
19/03/2015,1.31
20/03/2015,1.31
23/03/2015,1.29
24/03/2015,1.28
25/03/2015,1.29
26/03/2015,1.4
27/03/2015,1.49
30/03/2015,1.47
31/03/2015,1.48
01/04/2015,1.47
02/04/2015,1.48
03/04/2015,1.49
06/04/2015,1.49
07/04/2015,1.46
08/04/2015,1.42
09/04/2015,1.37
10/04/2015,1.36
14/04/2015,1.34
15/04/2015,1.33
16/04/2015,1.33
17/04/2015,1.32
20/04/2015,1.33
21/04/2015,1.38
22/04/2015,1.47
23/04/2015,1.47
24/04/2015,1.48
27/04/2015,1.46
28/04/2015,1.49
29/04/2015,1.51
30/04/2015,1.48
04/05/2015,1.49
05/05/2015,1.46
06/05/2015,1.44
07/05/2015,1.41
08/05/2015,1.42
11/05/2015,1.4
12/05/2015,1.38
13/05/2015,1.36
14/05/2015,1.36
15/05/2015,1.34
18/05/2015,1.34
19/05/2015,1.33
20/05/2015,1.33
21/05/2015,1.33
22/05/2015,1.32
25/05/2015,1.33
26/05/2015,1.31
27/05/2015,1.27
28/05/2015,1.25
29/05/2015,1.27
02/06/2015,1.26
03/06/2015,1.25
04/06/2015,1.22
05/06/2015,1.24
08/06/2015,1.26
09/06/2015,1.24
10/06/2015,1.24
11/06/2015,1.25
12/06/2015,1.25
15/06/2015,1.23
16/06/2015,1.23
17/06/2015,1.24
18/06/2015,1.25
19/06/2015,1.27
22/06/2015,1.29
23/06/2015,1.3
24/06/2015,1.29
25/06/2015,1.28
26/06/2015,1.28
29/06/2015,1.33
30/06/2015,1.35
01/07/2015,1.3
02/07/2015,1.29
03/07/2015,1.28
06/07/2015,1.28
07/07/2015,1.28
08/07/2015,1.3
09/07/2015,1.3
10/07/2015,1.3
13/07/2015,1.3
14/07/2015,1.29
15/07/2015,1.3
16/07/2015,1.3
17/07/2015,1.29
20/07/2015,1.3
21/07/2015,1.29
22/07/2015,1.29
23/07/2015,1.27
24/07/2015,1.28
27/07/2015,1.28
28/07/2015,1.28
29/07/2015,1.3
30/07/2015,1.3
31/07/2015,1.32
03/08/2015,1.32
04/08/2015,1.31
05/08/2015,1.31
06/08/2015,1.3
07/08/2015,1.29
10/08/2015,1.3
11/08/2015,1.31
12/08/2015,1.32
13/08/2015,1.33
14/08/2015,1.34
17/08/2015,1.33
18/08/2015,1.32
19/08/2015,1.33
20/08/2015,1.35
21/08/2015,1.35
24/08/2015,1.38
25/08/2015,1.39
26/08/2015,1.39
27/08/2015,1.43
28/08/2015,1.46
31/08/2015,1.5
01/09/2015,1.51
02/09/2015,1.51
03/09/2015,1.48
04/09/2015,1.44
07/09/2015,1.43
08/09/2015,1.43
09/09/2015,1.45
10/09/2015,1.45
11/09/2015,1.45
14/09/2015,1.47
15/09/2015,1.44
16/09/2015,1.44
17/09/2015,1.46
18/09/2015,1.45
21/09/2015,1.45
22/09/2015,1.48
23/09/2015,1.48
24/09/2015,1.48
25/09/2015,1.48
28/09/2015,1.48
29/09/2015,1.5
30/09/2015,1.5
01/10/2015,1.5
02/10/2015,1.46
05/10/2015,1.46
06/10/2015,1.43
07/10/2015,1.41
08/10/2015,1.41
09/10/2015,1.39
12/10/2015,1.37
13/10/2015,1.36
14/10/2015,1.36
15/10/2015,1.36
16/10/2015,1.32
19/10/2015,1.33
20/10/2015,1.34
21/10/2015,1.34
22/10/2015,1.31
23/10/2015,1.33
26/10/2015,1.28
27/10/2015,1.27
28/10/2015,1.21
29/10/2015,1.21
30/10/2015,1.18
02/11/2015,1.17
03/11/2015,1.16
04/11/2015,1.16
05/11/2015,1.15
06/11/2015,1.15
09/11/2015,1.13
10/11/2015,1.13
11/11/2015,1.11
12/11/2015,1.1
13/11/2015,1.09
16/11/2015,1.08
17/11/2015,1.08
18/11/2015,1.04
19/11/2015,1.05
20/11/2015,1.06
23/11/2015,1.08
24/11/2015,1.1
25/11/2015,1.08
26/11/2015,1.06
27/11/2015,1.07
02/12/2015,1.04
03/12/2015,1.04
04/12/2015,1.03
07/12/2015,1.03
08/12/2015,1.03
09/12/2015,1.03
10/12/2015,1.03
11/12/2015,1.03
14/12/2015,1.04
15/12/2015,1.04
16/12/2015,1.04
17/12/2015,1.04
18/12/2015,1.04
21/12/2015,1.02
22/12/2015,1.03
23/12/2015,1.03
24/12/2015,1.02
28/12/2015,1.02
29/12/2015,1.02
30/12/2015,1.02
31/12/2015,1.02
04/01/2016,1
05/01/2016,1
06/01/2016,0.98
07/01/2016,0.98
08/01/2016,0.98
11/01/2016,0.97
12/01/2016,0.95
13/01/2016,0.92
14/01/2016,0.92
15/01/2016,0.96
18/01/2016,0.95
19/01/2016,0.94
20/01/2016,0.92
21/01/2016,0.91
22/01/2016,0.92
25/01/2016,0.9
26/01/2016,0.88
27/01/2016,0.89
28/01/2016,0.86
29/01/2016,0.85
01/02/2016,0.85
02/02/2016,0.83
03/02/2016,0.83
04/02/2016,0.81
05/02/2016,0.82
08/02/2016,0.79
09/02/2016,0.79
10/02/2016,0.82
11/02/2016,0.82
12/02/2016,0.82
15/02/2016,0.81
16/02/2016,0.79
17/02/2016,0.77
18/02/2016,0.77
19/02/2016,0.77
22/02/2016,0.77
23/02/2016,0.76
24/02/2016,0.76
25/02/2016,0.75
26/02/2016,0.75
29/02/2016,0.76
01/03/2016,0.76
02/03/2016,0.76
03/03/2016,0.76
04/03/2016,0.77
07/03/2016,0.77
08/03/2016,0.77
09/03/2016,0.77
10/03/2016,0.77
11/03/2016,0.77
14/03/2016,0.78
15/03/2016,0.79
16/03/2016,0.79
17/03/2016,0.79
18/03/2016,0.79
21/03/2016,0.79
22/03/2016,0.79
23/03/2016,0.8
24/03/2016,0.79
25/03/2016,0.78
28/03/2016,0.78
29/03/2016,0.8
30/03/2016,0.78
31/03/2016,0.78
01/04/2016,0.78
04/04/2016,0.78
05/04/2016,0.77
06/04/2016,0.78
07/04/2016,0.77
08/04/2016,0.77
11/04/2016,0.76
12/04/2016,0.78
13/04/2016,0.77
14/04/2016,0.77
15/04/2016,0.77
18/04/2016,0.78
19/04/2016,0.78
20/04/2016,0.78
21/04/2016,0.78
22/04/2016,0.78
25/04/2016,0.77
26/04/2016,0.77
27/04/2016,0.76
28/04/2016,0.76
29/04/2016,0.76
03/05/2016,0.76
04/05/2016,0.76
05/05/2016,0.76
06/05/2016,0.76
09/05/2016,0.76
10/05/2016,0.74
11/05/2016,0.76
12/05/2016,0.76
13/05/2016,0.76
16/05/2016,0.74
17/05/2016,0.76
18/05/2016,0.75
19/05/2016,0.75
20/05/2016,0.75
23/05/2016,0.75
24/05/2016,0.75
25/05/2016,0.75
26/05/2016,0.73
27/05/2016,0.75
30/05/2016,0.75
31/05/2016,0.75
01/06/2016,0.75
02/06/2016,0.75
03/06/2016,0.75
06/06/2016,0.75
07/06/2016,0.75
08/06/2016,0.75
09/06/2016,0.75
10/06/2016,0.75
13/06/2016,0.73
14/06/2016,0.75
15/06/2016,0.75
16/06/2016,0.76
17/06/2016,0.76
21/06/2016,0.75
22/06/2016,0.76
23/06/2016,0.76
24/06/2016,0.85
27/06/2016,0.84
28/06/2016,0.82
29/06/2016,0.83
30/06/2016,0.81
01/07/2016,0.81
04/07/2016,0.8
05/07/2016,0.8
06/07/2016,0.78
07/07/2016,0.78
08/07/2016,0.8
11/07/2016,0.8
12/07/2016,0.8
13/07/2016,0.81
14/07/2016,0.81
15/07/2016,0.8
18/07/2016,0.8
19/07/2016,0.8
20/07/2016,0.8
21/07/2016,0.8
22/07/2016,0.8
25/07/2016,0.82
26/07/2016,0.82
27/07/2016,0.82
28/07/2016,0.8
29/07/2016,0.8
01/08/2016,0.82
02/08/2016,0.81
03/08/2016,0.82
04/08/2016,0.82
05/08/2016,0.82
08/08/2016,0.82
09/08/2016,0.81
10/08/2016,0.79
11/08/2016,0.78
12/08/2016,0.79
16/08/2016,0.78
17/08/2016,0.76
18/08/2016,0.75
19/08/2016,0.77
22/08/2016,0.77
23/08/2016,0.77
24/08/2016,0.77
25/08/2016,0.77
26/08/2016,0.77
29/08/2016,0.77
30/08/2016,0.77
31/08/2016,0.76
01/09/2016,0.76
02/09/2016,0.76
05/09/2016,0.76
06/09/2016,0.75
07/09/2016,0.73
08/09/2016,0.74
09/09/2016,0.74
12/09/2016,0.73
13/09/2016,0.73
14/09/2016,0.74
15/09/2016,0.73
16/09/2016,0.73
19/09/2016,0.72
20/09/2016,0.7
21/09/2016,0.71
22/09/2016,0.71
23/09/2016,0.71
26/09/2016,0.72
27/09/2016,0.68
28/09/2016,0.7
29/09/2016,0.7
30/09/2016,0.69
03/10/2016,0.69
04/10/2016,0.69
05/10/2016,0.69
06/10/2016,0.69
07/10/2016,0.69
10/10/2016,0.69
11/10/2016,0.69
12/10/2016,0.69
13/10/2016,0.69
14/10/2016,0.68
17/10/2016,0.7
18/10/2016,0.69
19/10/2016,0.7
20/10/2016,0.7
21/10/2016,0.7
24/10/2016,0.7
25/10/2016,0.69
26/10/2016,0.72
27/10/2016,0.73
28/10/2016,0.73
31/10/2016,0.73
01/11/2016,0.73
02/11/2016,0.73
03/11/2016,0.73
04/11/2016,0.73
07/11/2016,0.73
08/11/2016,0.73
09/11/2016,0.73
10/11/2016,0.74
11/11/2016,0.74
14/11/2016,0.8
15/11/2016,0.8
16/11/2016,0.81
17/11/2016,0.81
18/11/2016,0.81
21/11/2016,0.81
22/11/2016,0.81
23/11/2016,0.81
24/11/2016,0.81
25/11/2016,0.8
28/11/2016,0.8
29/11/2016,0.8
02/12/2016,0.79
05/12/2016,0.8
06/12/2016,0.81
07/12/2016,0.8
08/12/2016,0.8
09/12/2016,0.8
12/12/2016,0.8
13/12/2016,0.8
14/12/2016,0.8
15/12/2016,0.8
16/12/2016,0.81
19/12/2016,0.81
20/12/2016,0.82
21/12/2016,0.83
22/12/2016,0.82
23/12/2016,0.85
27/12/2016,0.9
28/12/2016,0.89
29/12/2016,0.9
30/12/2016,0.9
03/01/2017,0.87
04/01/2017,0.86
05/01/2017,0.84
06/01/2017,0.82
09/01/2017,0.82
10/01/2017,0.82
11/01/2017,0.82
12/01/2017,0.81
13/01/2017,0.82
16/01/2017,0.82
17/01/2017,0.82
18/01/2017,0.82
19/01/2017,0.82
20/01/2017,0.82
23/01/2017,0.83
25/01/2017,0.82
26/01/2017,0.82
27/01/2017,0.8
30/01/2017,0.8
31/01/2017,0.82
01/02/2017,0.85
02/02/2017,0.84
03/02/2017,0.83
06/02/2017,0.84
07/02/2017,0.82
08/02/2017,0.81
09/02/2017,0.81
10/02/2017,0.81
13/02/2017,0.81
14/02/2017,0.81
15/02/2017,0.82
16/02/2017,0.82
17/02/2017,0.83
20/02/2017,0.83
21/02/2017,0.84
22/02/2017,0.82
23/02/2017,0.83
24/02/2017,0.83
27/02/2017,0.82
28/02/2017,0.82
01/03/2017,0.8
02/03/2017,0.81
03/03/2017,0.81
06/03/2017,0.81
07/03/2017,0.82
08/03/2017,0.82
09/03/2017,0.82
10/03/2017,0.83
13/03/2017,0.84
14/03/2017,0.84
15/03/2017,0.84
16/03/2017,0.84
17/03/2017,0.84
20/03/2017,0.84
21/03/2017,0.84
22/03/2017,0.84
23/03/2017,0.84
24/03/2017,0.84
27/03/2017,0.84
28/03/2017,0.84
29/03/2017,0.84
30/03/2017,0.85
31/03/2017,0.86
03/04/2017,0.86
04/04/2017,0.86
05/04/2017,0.86
06/04/2017,0.86
07/04/2017,0.86
10/04/2017,0.87
11/04/2017,0.86
12/04/2017,0.85
13/04/2017,0.86
14/04/2017,0.86
18/04/2017,0.86
19/04/2017,0.86
20/04/2017,0.86
21/04/2017,0.87
24/04/2017,0.87
25/04/2017,0.87
26/04/2017,0.88
27/04/2017,0.89
28/04/2017,0.89
02/05/2017,0.91
03/05/2017,0.93
04/05/2017,0.92
05/05/2017,0.91
08/05/2017,0.89
09/05/2017,0.89
10/05/2017,0.88
11/05/2017,0.87
12/05/2017,0.87
15/05/2017,0.87
16/05/2017,0.87
17/05/2017,0.86
18/05/2017,0.87
19/05/2017,0.86
22/05/2017,0.87
23/05/2017,0.87
24/05/2017,0.87
25/05/2017,0.87
26/05/2017,0.87
29/05/2017,0.87
30/05/2017,0.87
31/05/2017,0.86
02/06/2017,0.86
06/06/2017,0.84
07/06/2017,0.85
08/06/2017,0.84
09/06/2017,0.83
12/06/2017,0.82
13/06/2017,0.82
14/06/2017,0.82
15/06/2017,0.82
16/06/2017,0.82
19/06/2017,0.83
20/06/2017,0.82
21/06/2017,0.82
22/06/2017,0.83
23/06/2017,0.83
26/06/2017,0.84
27/06/2017,0.84
28/06/2017,0.86
29/06/2017,0.86
30/06/2017,0.86
03/07/2017,0.87
04/07/2017,0.86
05/07/2017,0.86
06/07/2017,0.86
07/07/2017,0.88
10/07/2017,0.88
11/07/2017,0.87
12/07/2017,0.88
13/07/2017,0.87
14/07/2017,0.87
17/07/2017,0.87
18/07/2017,0.87
19/07/2017,0.87
20/07/2017,0.87
21/07/2017,0.87
24/07/2017,0.87
25/07/2017,0.87
26/07/2017,0.87
27/07/2017,0.87
28/07/2017,0.87
31/07/2017,0.87
01/08/2017,0.87
02/08/2017,0.87
03/08/2017,0.87
04/08/2017,0.87
07/08/2017,0.87
08/08/2017,0.87
09/08/2017,0.87
10/08/2017,0.87
11/08/2017,0.89
14/08/2017,0.88
16/08/2017,0.88
17/08/2017,0.89
18/08/2017,0.9
21/08/2017,0.9
22/08/2017,0.9
23/08/2017,0.9
24/08/2017,0.89
25/08/2017,0.9
28/08/2017,0.9
29/08/2017,0.9
30/08/2017,0.91
31/08/2017,0.91
01/09/2017,0.92
04/09/2017,0.92
05/09/2017,0.94
06/09/2017,0.95
07/09/2017,0.95
08/09/2017,0.95
11/09/2017,0.97
12/09/2017,0.95
13/09/2017,0.96
14/09/2017,0.97
15/09/2017,0.98
18/09/2017,1
19/09/2017,1.04
20/09/2017,1.05
21/09/2017,1.06
22/09/2017,1.09
25/09/2017,1.11
26/09/2017,1.14
27/09/2017,1.25
28/09/2017,1.46
29/09/2017,1.58
02/10/2017,1.71
03/10/2017,1.8
04/10/2017,1.79
05/10/2017,1.78
06/10/2017,1.78
09/10/2017,1.79
10/10/2017,1.78
11/10/2017,1.78
12/10/2017,1.82
13/10/2017,1.84
16/10/2017,1.83
17/10/2017,1.84
18/10/2017,1.84
19/10/2017,1.84
20/10/2017,1.84
23/10/2017,1.85
24/10/2017,1.85
25/10/2017,1.88
26/10/2017,1.87
27/10/2017,1.88
30/10/2017,1.87
31/10/2017,1.87
01/11/2017,1.89
02/11/2017,1.88
03/11/2017,1.87
06/11/2017,1.86
07/11/2017,1.86
08/11/2017,1.86
09/11/2017,1.87
10/11/2017,1.87
13/11/2017,1.89
14/11/2017,1.92
15/11/2017,2.06
16/11/2017,2.09
17/11/2017,2.18
20/11/2017,2.18
21/11/2017,2.16
22/11/2017,2.14
23/11/2017,2.15
24/11/2017,2.19
27/11/2017,2.19
28/11/2017,2.2
29/11/2017,2.2
04/12/2017,2.21
05/12/2017,2.22
06/12/2017,2.18
07/12/2017,2.18
08/12/2017,2.15
11/12/2017,2.15
12/12/2017,2.15
13/12/2017,2.12
14/12/2017,2.13
15/12/2017,2.11
18/12/2017,2.1
19/12/2017,2.11
20/12/2017,2.11
21/12/2017,2.12
22/12/2017,2.09
27/12/2017,2.1
28/12/2017,2.08
29/12/2017,2.05
03/01/2018,2.05
04/01/2018,2.03
05/01/2018,2.01
08/01/2018,2
09/01/2018,2.04
10/01/2018,2.03
11/01/2018,1.98
12/01/2018,1.98
15/01/2018,1.98
16/01/2018,1.98
17/01/2018,1.97
18/01/2018,1.98
19/01/2018,1.99
22/01/2018,1.98
23/01/2018,1.97
25/01/2018,1.98
26/01/2018,1.97
29/01/2018,1.97
30/01/2018,1.97
31/01/2018,1.97
01/02/2018,1.97
02/02/2018,1.97
05/02/2018,1.97
06/02/2018,1.97
07/02/2018,1.99
08/02/2018,2.03
09/02/2018,2.04
12/02/2018,2.06
13/02/2018,2.06
14/02/2018,2.06
15/02/2018,2.07
16/02/2018,2.07
19/02/2018,2.08
20/02/2018,2.09
21/02/2018,2.09
22/02/2018,2.09
23/02/2018,2.09
26/02/2018,2.09
27/02/2018,2.09
28/02/2018,2.09
01/03/2018,2.09
02/03/2018,2.09
05/03/2018,2.08
06/03/2018,2.08
07/03/2018,2.08
08/03/2018,2.08
09/03/2018,2.06
12/03/2018,2.06
13/03/2018,2.05
14/03/2018,2.03
15/03/2018,2.03
16/03/2018,2.03
19/03/2018,2.03
20/03/2018,2.03
21/03/2018,2.03
22/03/2018,2.05
23/03/2018,2.05
26/03/2018,2.05
27/03/2018,2.06
28/03/2018,2.06
29/03/2018,2.08
30/03/2018,2.08
02/04/2018,2.08
03/04/2018,2.09
04/04/2018,2.1
05/04/2018,2.1
10/04/2018,2.09
11/04/2018,2.09
12/04/2018,2.07
13/04/2018,2.07
16/04/2018,2.13
17/04/2018,2.13
18/04/2018,2.13
19/04/2018,2.12
20/04/2018,2.13
23/04/2018,2.22
24/04/2018,2.28
25/04/2018,2.42
26/04/2018,2.46
27/04/2018,2.45
30/04/2018,2.45
02/05/2018,2.47
03/05/2018,2.49
04/05/2018,2.54
07/05/2018,2.54
08/05/2018,2.68
09/05/2018,2.73
10/05/2018,2.75
11/05/2018,2.74
14/05/2018,2.75
15/05/2018,2.74
16/05/2018,2.74
17/05/2018,2.74
18/05/2018,2.74
21/05/2018,2.74
22/05/2018,2.75
23/05/2018,2.77
24/05/2018,2.79
25/05/2018,2.79
29/05/2018,2.82
30/05/2018,2.82
31/05/2018,2.83
04/06/2018,2.85
05/06/2018,2.85
06/06/2018,2.87
07/06/2018,2.87
08/06/2018,2.89
11/06/2018,2.9
12/06/2018,2.9
13/06/2018,2.9
14/06/2018,2.9
15/06/2018,2.9
18/06/2018,2.92
19/06/2018,2.93
20/06/2018,2.93
21/06/2018,2.95
22/06/2018,3.09
25/06/2018,3.13
26/06/2018,3.14
27/06/2018,3.15
28/06/2018,3.16
29/06/2018,3.15
02/07/2018,3.24
03/07/2018,3.27
04/07/2018,3.34
05/07/2018,3.39
06/07/2018,3.39
09/07/2018,3.38
10/07/2018,3.36
11/07/2018,3.35
12/07/2018,3.35
13/07/2018,3.35
16/07/2018,3.35
17/07/2018,3.35
18/07/2018,3.37
19/07/2018,3.36
20/07/2018,3.39
23/07/2018,3.41
24/07/2018,3.42
25/07/2018,3.43
26/07/2018,3.46
27/07/2018,3.45
30/07/2018,3.47
31/07/2018,3.47
01/08/2018,3.47
02/08/2018,3.47
03/08/2018,3.47
06/08/2018,3.4
07/08/2018,3.36
08/08/2018,3.33
09/08/2018,3.3
10/08/2018,3.3
13/08/2018,3.28
14/08/2018,3.26
16/08/2018,3.28
17/08/2018,3.27
20/08/2018,3.27
21/08/2018,3.27
22/08/2018,3.29
23/08/2018,3.31
24/08/2018,3.3
27/08/2018,3.27
28/08/2018,3.25
29/08/2018,3.24
30/08/2018,3.24
31/08/2018,3.22
03/09/2018,3.22
04/09/2018,3.21
05/09/2018,3.18
06/09/2018,3.15
07/09/2018,3.12
10/09/2018,3.11
11/09/2018,3.1
12/09/2018,3.1
13/09/2018,3.1
14/09/2018,3.09
17/09/2018,3.09
18/09/2018,3.09
19/09/2018,3.1
20/09/2018,3.1
21/09/2018,3.14
24/09/2018,3.14
25/09/2018,3.14
26/09/2018,3.15
27/09/2018,3.15
28/09/2018,3.17
01/10/2018,3.17
02/10/2018,3.15
03/10/2018,3.16
04/10/2018,3.13
05/10/2018,3.13
08/10/2018,3.13
09/10/2018,3.13
10/10/2018,3.17
11/10/2018,3.17
12/10/2018,3.17
15/10/2018,3.18
16/10/2018,3.17
17/10/2018,3.17
18/10/2018,3.17
19/10/2018,3.28
22/10/2018,3.3
23/10/2018,3.32
24/10/2018,3.35
25/10/2018,3.39
26/10/2018,3.38
29/10/2018,3.34
30/10/2018,3.32
31/10/2018,3.31
01/11/2018,3.31
02/11/2018,3.29
05/11/2018,3.26
06/11/2018,3.25
07/11/2018,3.2
08/11/2018,3.21
09/11/2018,3.2
12/11/2018,3.19
13/11/2018,3.19
14/11/2018,3.19
15/11/2018,3.21
16/11/2018,3.22
19/11/2018,3.23
20/11/2018,3.24
21/11/2018,3.25
22/11/2018,3.24
23/11/2018,3.24
26/11/2018,3.2
27/11/2018,3.16
28/11/2018,3.13
29/11/2018,3.09
03/12/2018,3.11
04/12/2018,3.09
05/12/2018,3.09
06/12/2018,3.08
07/12/2018,3.08
10/12/2018,3.04
11/12/2018,3.04
12/12/2018,3.04
13/12/2018,3.04
14/12/2018,3.04
17/12/2018,3.04
18/12/2018,3.04
19/12/2018,3.04
20/12/2018,3.03
21/12/2018,3.04
24/12/2018,3.03
27/12/2018,3.02
28/12/2018,3.02
31/12/2018,3.02
03/01/2019,2.99
04/01/2019,2.97
07/01/2019,2.94
08/01/2019,2.92
09/01/2019,2.9
10/01/2019,2.88
11/01/2019,2.88
14/01/2019,2.92
15/01/2019,2.89
16/01/2019,2.87
17/01/2019,2.9
18/01/2019,2.93
21/01/2019,2.97
22/01/2019,2.97
23/01/2019,3.03
25/01/2019,3.11
28/01/2019,3.11
29/01/2019,3.1
30/01/2019,3.06
31/01/2019,3.06
01/02/2019,3.06
04/02/2019,3.07
05/02/2019,3.09
06/02/2019,3.11
07/02/2019,3.1
08/02/2019,3.1
11/02/2019,3.1
12/02/2019,3.09
13/02/2019,3.15
14/02/2019,3.17
15/02/2019,3.17
18/02/2019,3.14
19/02/2019,3.19
20/02/2019,3.25
21/02/2019,3.28
22/02/2019,3.28
25/02/2019,3.28
26/02/2019,3.29
27/02/2019,3.28
28/02/2019,3.26
01/03/2019,3.28
04/03/2019,3.26
05/03/2019,3.22
06/03/2019,3.18
07/03/2019,3.13
08/03/2019,3.11
11/03/2019,3.1
12/03/2019,
,
,
,
