Date,Close
9/19/1997,1000
9/22/1997,991.13
9/23/1997,976.32
9/24/1997,935.84
9/25/1997,939.45
9/26/1997,940.95
9/29/1997,944.01
9/30/1997,955.85
10/1/1997,948.22
10/2/1997,915.7
10/3/1997,890.76
10/6/1997,884.78
10/7/1997,881.05
10/8/1997,917.48
10/9/1997,949.17
10/10/1997,969.11
10/13/1997,982.01
10/14/1997,1011.92
10/15/1997,1014.46
10/16/1997,1036.37
10/17/1997,1040.5601
10/20/1997,1037.96
10/21/1997,1015.21
10/22/1997,983.41
10/23/1997,960.86
10/24/1997,934.82
10/27/1997,916.61
10/28/1997,834.76
10/29/1997,871.07
10/30/1997,910.38
10/31/1997,940.98
11/3/1997,913.67
11/4/1997,884.11
11/5/1997,877.36
11/6/1997,870.71
11/7/1997,857.18
11/10/1997,846.63
11/11/1997,837.08
11/12/1997,823.05
11/13/1997,800.74
11/14/1997,792.34
11/17/1997,792.08
11/18/1997,797.66
11/19/1997,777.53
11/20/1997,759.13
11/21/1997,755.85
11/24/1997,742.51
11/25/1997,701.04
11/26/1997,668.91
11/27/1997,678.17
11/28/1997,693.51
12/2/1997,692.61
12/3/1997,679.62
12/4/1997,673.46
12/5/1997,662.68
12/8/1997,650.64
12/9/1997,622.62
12/10/1997,622.47
12/11/1997,628.72
12/12/1997,649.94
12/15/1997,669.19
12/16/1997,691.03
12/17/1997,760.93
12/18/1997,791.71
12/19/1997,757.86
1/5/1998,746.42
1/6/1998,755.13
1/7/1998,780.17
1/8/1998,794.14
1/9/1998,782.58
1/12/1998,743.33
1/13/1998,714.54
1/14/1998,732.2
1/15/1998,698.21
1/16/1998,706.18
1/19/1998,715.79
1/20/1998,716.08
1/21/1998,714.88
1/22/1998,718.44
1/23/1998,711.6
1/26/1998,715.23
1/27/1998,718.08
1/28/1998,724.54
1/29/1998,720.85
1/30/1998,727.65
2/2/1998,720.86
2/3/1998,720.26
2/4/1998,713.16
2/5/1998,713.15
2/6/1998,717.24
2/9/1998,720.58
2/10/1998,724.01
2/11/1998,736.94
2/12/1998,747.17
2/13/1998,750.7
2/16/1998,777.08
2/17/1998,783.31
2/18/1998,781.8
2/19/1998,762.73
2/20/1998,767.81
2/23/1998,773.79
2/24/1998,778.5
2/25/1998,787.73
2/26/1998,784.46
2/27/1998,811.67
3/2/1998,824.09
3/3/1998,819.19
3/4/1998,815.63
3/5/1998,821.08
3/6/1998,818.57
3/9/1998,809.01
3/10/1998,809.46
3/11/1998,816.08
3/12/1998,829.99
3/13/1998,855.77
3/16/1998,865.33
3/17/1998,863.36
3/18/1998,862.17
3/19/1998,845.87
3/20/1998,835.14
3/23/1998,807.42
3/24/1998,810.96
3/25/1998,801.9
3/26/1998,795.76
3/27/1998,783.35
3/30/1998,777.67
3/31/1998,793.07
4/1/1998,791.93
4/2/1998,803.17
4/3/1998,817.6
4/6/1998,821.76
4/7/1998,809.85
4/8/1998,793.35
4/9/1998,785.55
4/10/1998,775.9
4/13/1998,770.26
4/14/1998,769.29
4/15/1998,758.48
4/16/1998,764.4
4/17/1998,774.86
4/21/1998,797.37
4/22/1998,810.68
4/23/1998,821.24
4/24/1998,814.81
4/27/1998,815.01
4/28/1998,801.69
4/29/1998,808.43
4/30/1998,804.68
5/4/1998,800.23
5/5/1998,800.87
5/6/1998,792.8
5/7/1998,794.02
5/8/1998,780.95
5/11/1998,758.68
5/12/1998,755.92
5/13/1998,753.46
5/14/1998,753.78
5/15/1998,760.09
5/18/1998,765.09
5/19/1998,762.56
5/20/1998,747.68
5/21/1998,727.06
5/22/1998,724.69
5/25/1998,723.17
5/26/1998,720.37
5/27/1998,717.99
5/28/1998,704.22
5/29/1998,663.17
6/1/1998,673.31
6/2/1998,683.39
6/3/1998,679.67
6/4/1998,675.08
6/5/1998,662.01
6/8/1998,657.57
6/9/1998,652.18
6/10/1998,640.9
6/11/1998,635.65
6/12/1998,625.05
6/15/1998,619.14
6/16/1998,614.3
6/17/1998,612.29
6/18/1998,623.13
6/19/1998,636.32
6/22/1998,632.64
6/23/1998,637.35
6/24/1998,641.13
6/25/1998,639.35
6/26/1998,639.93
6/29/1998,637.59
6/30/1998,636.74
7/1/1998,633.36
7/2/1998,632.26
7/3/1998,624.06
7/6/1998,610.45
7/7/1998,597.51
7/8/1998,600.37
7/9/1998,593.46
7/10/1998,585.13
7/13/1998,582.94
7/14/1998,576.05
7/15/1998,542.49
7/16/1998,506.92
7/17/1998,543.31
7/20/1998,530.55
7/21/1998,542.73
7/22/1998,579.5
7/23/1998,580.54
7/24/1998,572.9
7/27/1998,561.57
7/28/1998,556.58
7/29/1998,563.88
7/30/1998,565.4
7/31/1998,559.02
8/3/1998,564.28
8/4/1998,565.24
8/5/1998,561.57
8/6/1998,558.89
8/7/1998,554.54
8/10/1998,543.98
8/11/1998,538.4
8/12/1998,522.88
8/13/1998,505.66
8/14/1998,484.36
8/17/1998,467.17
8/18/1998,453.96
8/19/1998,447.4
8/20/1998,437.32
8/21/1998,433.25
8/24/1998,420.48
8/25/1998,384.03
8/26/1998,348.41
8/27/1998,356.85
8/28/1998,379.02
8/31/1998,359.85
9/1/1998,349.02
9/2/1998,348.92
9/3/1998,351.46
9/4/1998,355.83
9/7/1998,366.95
9/8/1998,369.45
9/9/1998,360.97
9/10/1998,352.47
9/11/1998,348.62
9/14/1998,345.18
9/15/1998,334.87
9/16/1998,328.5
9/17/1998,322.66
9/18/1998,309.35
9/21/1998,298.7
9/22/1998,287.13
9/23/1998,283.72
9/24/1998,281.09
9/25/1998,289.91
9/28/1998,290.31
9/29/1998,289.65
9/30/1998,294.44
10/1/1998,298.55
10/2/1998,298.67
10/5/1998,299.88
10/6/1998,293.25
10/7/1998,294.87
10/8/1998,288.03
10/9/1998,288.77
10/12/1998,287.63
10/13/1998,287.88
10/14/1998,288.81
10/15/1998,288.04
10/16/1998,291.69
10/19/1998,293.65
10/20/1998,295.28
10/21/1998,292.07
10/22/1998,295.89
10/23/1998,297.4
10/26/1998,295.1
10/27/1998,296.18
10/28/1998,297.49
10/29/1998,296.97
10/30/1998,295.84
11/2/1998,295.88
11/3/1998,304.06
11/4/1998,321.55
11/5/1998,341.58
11/6/1998,377.93
11/9/1998,381.33
11/10/1998,355.28
11/11/1998,352.79
11/12/1998,357.48
11/13/1998,362.17
11/16/1998,365.79
11/17/1998,364.21
11/18/1998,368.18
11/19/1998,367.98
11/20/1998,375.42
11/23/1998,390.46
11/24/1998,401.59
11/25/1998,393.47
11/26/1998,367.19
11/27/1998,374.56
11/30/1998,376.75
12/2/1998,376.57
12/3/1998,386.93
12/4/1998,397.84
12/7/1998,390.2
12/8/1998,393.22
12/9/1998,387.31
12/10/1998,379.36
12/11/1998,372.29
12/14/1998,363.75
12/15/1998,354.68
12/16/1998,347.43
12/17/1998,343.33
12/18/1998,359.69
12/21/1998,367.2
12/22/1998,364.76
12/23/1998,366.81
12/24/1998,371.48
12/28/1998,364.28
12/29/1998,367.75
12/30/1998,379.44
12/31/1998,377.63
1/4/1999,389.33
1/5/1999,383.08
1/6/1999,389.16
1/7/1999,383.32
1/8/1999,380.61
1/11/1999,379.35
1/12/1999,378.99
1/13/1999,367.03
1/14/1999,366.78
1/15/1999,360.71
1/18/1999,359.29
1/19/1999,365.94
1/20/1999,365.24
1/21/1999,365.34
1/22/1999,369.41
1/25/1999,376.78
1/26/1999,381.47
1/27/1999,382.63
1/28/1999,377.43
1/29/1999,379.32
2/1/1999,384.56
2/2/1999,388.48
2/3/1999,388.91
2/4/1999,383.7
2/5/1999,379.73
2/8/1999,377.06
2/9/1999,376.54
2/10/1999,378.86
2/11/1999,369.81
2/12/1999,366.61
2/15/1999,364.99
2/16/1999,361.06
2/17/1999,370.81
2/18/1999,369.77
2/19/1999,368.2
2/22/1999,366.09
2/23/1999,364.38
2/24/1999,366.14
2/25/1999,368.38
2/26/1999,376.84
3/1/1999,381.22
3/2/1999,386.17
3/3/1999,396.67
3/4/1999,399.29
3/5/1999,395.58
3/8/1999,388.44
3/9/1999,388.53
3/10/1999,388.61
3/11/1999,392.7
3/12/1999,394.44
3/15/1999,393.53
3/16/1999,395.14
3/17/1999,392.92
3/18/1999,388.61
3/19/1999,388.84
3/22/1999,385
3/23/1999,382.4
3/24/1999,372.59
3/25/1999,374.52
3/26/1999,372.33
3/29/1999,372.95
3/30/1999,371.94
3/31/1999,363.55
4/1/1999,356.84
4/2/1999,355.47
4/5/1999,350.35
4/6/1999,351.58
4/7/1999,350.2
4/8/1999,350.99
4/9/1999,340.12
4/13/1999,343.45
4/14/1999,342.44
4/15/1999,335.97
4/16/1999,330.93
4/19/1999,330.98
4/20/1999,331.71
4/21/1999,325.78
4/22/1999,327.47
4/23/1999,331.28
4/26/1999,334.77
4/27/1999,329.7
4/28/1999,327.35
4/29/1999,326.51
4/30/1999,338.12
5/3/1999,334.16
5/4/1999,331.56
5/5/1999,337.47
5/6/1999,335.76
5/7/1999,344.09
5/10/1999,363
5/11/1999,367.53
5/12/1999,360.09
5/13/1999,366.67
5/14/1999,377.18
5/17/1999,388.8
5/18/1999,399.02
5/19/1999,412.86
5/20/1999,416.11
5/21/1999,420.93
5/24/1999,421.84
5/25/1999,418.92
5/26/1999,414.79
5/27/1999,415.75
5/28/1999,421.61
5/31/1999,422.78
6/1/1999,427.35
6/2/1999,424.24
6/3/1999,423.6
6/4/1999,420.46
6/7/1999,418.78
6/8/1999,412.17
6/9/1999,401.07
6/10/1999,402.72
6/11/1999,390.58
6/14/1999,376.12
6/15/1999,371.97
6/16/1999,389.36
6/17/1999,400.21
6/18/1999,405.42
6/21/1999,410.7
6/22/1999,407.91
6/23/1999,416.37
6/24/1999,453.22
6/25/1999,464.66
6/28/1999,471.81
6/29/1999,505.94
6/30/1999,524.42
7/1/1999,529.42
7/2/1999,535.26
7/5/1999,531.98
7/6/1999,524.68
7/7/1999,511.45
7/8/1999,490.39
7/9/1999,482.44
7/12/1999,477.05
7/13/1999,475.82
7/14/1999,468.75
7/15/1999,464.81
7/16/1999,456.04
7/19/1999,460.19
7/20/1999,466.51
7/21/1999,492.18
7/22/1999,497.33
7/23/1999,504.05
7/26/1999,502.3
7/27/1999,491.43
7/28/1999,487.77
7/29/1999,490.92
7/30/1999,486.75
8/2/1999,488.67
8/3/1999,484.36
8/4/1999,495.79
8/5/1999,509.07
8/6/1999,516.64
8/9/1999,516.25
8/10/1999,519.17
8/11/1999,521.63
8/12/1999,525.34
8/13/1999,529.4
8/16/1999,535.36
8/17/1999,543.4
8/18/1999,547.68
8/19/1999,544.35
8/20/1999,547.22
8/23/1999,558.37
8/24/1999,561.06
8/25/1999,562.94
8/26/1999,567.53
8/27/1999,570.19
8/30/1999,569.92
8/31/1999,561.65
9/1/1999,552.16
9/2/1999,550.77
9/3/1999,552.91
9/6/1999,552.64
9/7/1999,548.91
9/8/1999,543.39
9/9/1999,532
9/10/1999,517.31
9/13/1999,519.51
9/14/1999,532.33
9/15/1999,524.24
9/16/1999,528.74
9/17/1999,535.34
9/20/1999,536.22
9/21/1999,537.24
9/22/1999,539.03
9/23/1999,540.31
9/24/1999,539.02
9/27/1999,559.04
9/28/1999,558.2
9/29/1999,556.99
9/30/1999,559.54
10/1/1999,556.09
10/4/1999,555.18
10/5/1999,551.3
10/6/1999,550.48
10/7/1999,547.86
10/8/1999,541.39
10/11/1999,531.09
10/12/1999,532.16
10/13/1999,533.39
10/14/1999,531.46
10/15/1999,532.33
10/18/1999,529.21
10/19/1999,525.93
10/20/1999,529.09
10/21/1999,532.41
10/22/1999,532.03
10/25/1999,536.31
10/26/1999,551.17
10/27/1999,557.53
10/28/1999,560.96
10/29/1999,574.31
11/1/1999,569.31
11/2/1999,570.37
11/3/1999,556.34
11/4/1999,533
11/5/1999,515.44
11/8/1999,502
11/9/1999,492.43
11/10/1999,519.38
11/11/1999,547.46
11/12/1999,561.29
11/15/1999,574.9
11/16/1999,564.54
11/17/1999,555.52
11/18/1999,546.54
11/19/1999,537.59
11/22/1999,516.58
11/23/1999,506.18
11/24/1999,505.12
11/25/1999,510.13
11/26/1999,508.97
11/29/1999,509.24
11/30/1999,510.1
12/2/1999,506.86
12/3/1999,492.42
12/6/1999,485.33
12/7/1999,476.32
12/8/1999,480.3
12/9/1999,487.47
12/10/1999,486.54
12/13/1999,488.32
12/14/1999,482.71
12/15/1999,480.33
12/16/1999,475.29
12/17/1999,479.89
12/20/1999,466.45
12/21/1999,475.33
12/22/1999,464.05
12/23/1999,460.51
12/24/1999,448.53
1/5/2000,460.67
1/6/2000,484.04
1/7/2000,526.34
1/10/2000,541.17
1/11/2000,531.51
1/12/2000,528.15
1/13/2000,530.63
1/14/2000,553.06
1/17/2000,557.6
1/18/2000,547.53
1/19/2000,554.68
1/20/2000,554.88
1/21/2000,552.84
1/24/2000,552.78
1/25/2000,554.05
1/26/2000,564.68
1/27/2000,559.59
1/28/2000,584.06
1/31/2000,605.17
2/1/2000,644.36
2/2/2000,636.13
2/3/2000,636.46
2/4/2000,633.08
2/7/2000,637.76
2/8/2000,615.78
2/9/2000,623.37
2/10/2000,608.51
2/11/2000,604.92
2/14/2000,595.1
2/15/2000,599.03
2/16/2000,606.54
2/17/2000,613.83
2/18/2000,605.16
2/21/2000,599.96
2/22/2000,604.51
2/23/2000,607.06
2/24/2000,605.46
2/25/2000,607.98
2/28/2000,610.79
2/29/2000,616.32
3/1/2000,595.93
3/2/2000,587.58
3/3/2000,595.69
3/6/2000,590.9
3/7/2000,582.27
3/8/2000,551.13
3/9/2000,537.32
3/10/2000,571.74
3/13/2000,573.46
3/14/2000,579.78
3/15/2000,572.82
3/16/2000,571.35
3/17/2000,564.93
3/20/2000,549.2
3/21/2000,541.67
3/22/2000,539.33
3/23/2000,541.68
3/24/2000,541.91
3/27/2000,544.08
3/28/2000,546.68
3/29/2000,545.72
3/30/2000,546.12
3/31/2000,535.22
4/3/2000,531.27
4/4/2000,534.66
4/5/2000,542.97
4/6/2000,536.19
4/7/2000,539.57
4/10/2000,540.17
4/11/2000,534.6
4/12/2000,545.16
4/13/2000,545.63
4/14/2000,535.52
4/17/2000,542.24
4/18/2000,540.99
4/19/2000,529.39
4/20/2000,513.44
4/21/2000,506.79
4/24/2000,509.15
4/25/2000,509.69
4/26/2000,501.92
4/27/2000,510.01
4/28/2000,505.54
5/2/2000,508.7
5/3/2000,512.89
5/4/2000,503.07
5/5/2000,516.41
5/8/2000,527.09
5/9/2000,536.06
5/10/2000,540.82
5/11/2000,542.4
5/12/2000,540.11
5/15/2000,534.58
5/16/2000,542.08
5/17/2000,554.18
5/18/2000,546.55
5/19/2000,539.73
5/22/2000,546.89
5/23/2000,545.11
5/24/2000,541.35
5/25/2000,534.15
5/26/2000,532.84
5/29/2000,530.84
5/30/2000,530.63
5/31/2000,527.08
6/1/2000,525.19
6/2/2000,515.08
6/5/2000,516.17
6/6/2000,516.36
6/7/2000,514.05
6/8/2000,518.39
6/9/2000,515.86
6/12/2000,515.95
6/13/2000,514.15
6/14/2000,512.23
6/15/2000,524.12
6/16/2000,527.31
6/19/2000,529.9
6/20/2000,533.9
6/21/2000,533.37
6/22/2000,538.39
6/23/2000,536.62
6/26/2000,535.88
6/27/2000,537.31
6/28/2000,536.97
6/29/2000,534.97
6/30/2000,539.35
7/3/2000,525.35
7/4/2000,526.37
7/5/2000,525.33
7/6/2000,530.5
7/7/2000,531.12
7/10/2000,530.44
7/11/2000,530.23
7/12/2000,532.11
7/13/2000,547.21
7/14/2000,540.28
7/17/2000,546.58
7/18/2000,558.74
7/19/2000,559.73
7/20/2000,582.19
7/21/2000,565.18
7/24/2000,598
7/25/2000,597.37
7/26/2000,596.73
7/27/2000,576.88
7/28/2000,576.02
7/31/2000,573.79
8/1/2000,571.96
8/2/2000,567.61
8/3/2000,568.81
8/4/2000,568.24
8/7/2000,566.27
8/8/2000,615.61
8/9/2000,673.3
8/10/2000,687.76
8/11/2000,632.11
8/14/2000,653.42
8/15/2000,640.41
8/16/2000,630.87
8/17/2000,633.19
8/18/2000,633.77
8/21/2000,633.67
8/22/2000,611.83
8/23/2000,610.04
8/24/2000,555.32
8/25/2000,511.72
8/28/2000,471.47
8/29/2000,472.68
8/30/2000,475.04
8/31/2000,472.34
9/1/2000,475.17
9/4/2000,481.14
9/5/2000,480.95
9/6/2000,482.01
9/7/2000,489.39
9/8/2000,498.05
9/11/2000,506.87
9/12/2000,499.26
9/13/2000,508.35
9/14/2000,511.3
9/15/2000,517.2
9/18/2000,520.05
9/19/2000,524.51
9/20/2000,510.28
9/21/2000,513.64
9/22/2000,513.47
9/25/2000,513.52
9/26/2000,522.21
9/27/2000,523.73
9/28/2000,514.23
9/29/2000,505.8
10/2/2000,509.14
10/3/2000,509.75
10/4/2000,500.67
10/5/2000,494.5
10/6/2000,498.19
10/9/2000,499.95
10/10/2000,504.32
10/11/2000,509.07
10/12/2000,513.41
10/13/2000,519.12
10/16/2000,521.25
10/17/2000,518.64
10/18/2000,521.61
10/19/2000,528.93
10/20/2000,527.24
10/23/2000,533.06
10/24/2000,534.13
10/25/2000,534.72
10/26/2000,534.97
10/27/2000,529.86
10/30/2000,532.33
10/31/2000,528.94
11/1/2000,527.24
11/2/2000,528.65
11/3/2000,525.09
11/6/2000,521.2
11/7/2000,517.8
11/8/2000,527.24
11/9/2000,522.88
11/10/2000,526.94
11/13/2000,525.67
11/14/2000,523.44
11/15/2000,516.88
11/16/2000,516.94
11/17/2000,514.75
11/20/2000,518.46
11/21/2000,509.41
11/22/2000,506.83
11/23/2000,512.18
11/24/2000,516.37
11/27/2000,505.85
11/28/2000,505.02
11/29/2000,504.62
11/30/2000,506.22
12/4/2000,502.51
12/5/2000,501.18
12/6/2000,519.97
12/7/2000,518.06
12/8/2000,516.96
12/11/2000,529.55
12/12/2000,547.19
12/13/2000,543.89
12/14/2000,540.97
12/15/2000,531.65
12/18/2000,534.12
12/19/2000,543.19
12/20/2000,553.48
12/21/2000,543.15
12/22/2000,544.72
1/3/2001,556.23
1/4/2001,586.01
1/5/2001,611.52
1/8/2001,601.82
1/9/2001,612.11
1/10/2001,607.16
1/11/2001,629.91
1/12/2001,627.08
1/15/2001,615.61
1/16/2001,620.52
1/17/2001,630.67
1/18/2001,637.43
1/19/2001,643.1
1/22/2001,627.85
1/23/2001,625.29
1/24/2001,617.92
1/25/2001,601.26
1/26/2001,601.41
1/29/2001,616.22
1/30/2001,604.29
1/31/2001,603.73
2/1/2001,602.36
2/2/2001,585.18
2/5/2001,574.9
2/6/2001,583.34
2/7/2001,566.88
2/8/2001,577.25
2/9/2001,572.8
2/12/2001,564.05
2/13/2001,577.43
2/14/2001,589.95
2/15/2001,602.33
2/16/2001,606.57
2/19/2001,593.41
2/20/2001,588.32
2/21/2001,590.75
2/22/2001,590.73
2/23/2001,607.2
2/26/2001,605.28
2/27/2001,605.02
2/28/2001,598.09
3/1/2001,589.84
3/2/2001,597.11
3/5/2001,610.59
3/6/2001,602.47
3/7/2001,606.58
3/8/2001,601.63
3/9/2001,600.72
3/12/2001,599.55
3/13/2001,609.2
3/14/2001,615.13
3/15/2001,616.58
3/16/2001,633.45
3/19/2001,637
3/20/2001,615.48
3/21/2001,602.26
3/22/2001,591.25
3/23/2001,581.64
3/26/2001,566.09
3/27/2001,590.28
3/28/2001,578.16
3/29/2001,558.79
3/30/2001,554.19
4/2/2001,560.67
4/3/2001,552.24
4/4/2001,534.14
4/5/2001,538.33
4/6/2001,533.82
4/9/2001,536.44
4/10/2001,531.72
4/11/2001,538.98
4/12/2001,544.11
4/13/2001,542.14
4/17/2001,550.9
4/18/2001,551.07
4/19/2001,543.77
4/20/2001,541.95
4/23/2001,539.04
4/24/2001,541.2
4/25/2001,553.19
4/26/2001,560.53
4/27/2001,562.48
5/2/2001,568.15
5/3/2001,555.45
5/4/2001,552.44
5/7/2001,562.64
5/8/2001,560.74
5/9/2001,562.38
5/10/2001,554.94
5/11/2001,565.99
5/14/2001,569.4
5/15/2001,593.03
5/16/2001,581.71
5/17/2001,588.42
5/18/2001,611.68
5/21/2001,590.01
5/22/2001,575.39
5/23/2001,567.51
5/24/2001,567.2
5/25/2001,566.59
5/28/2001,568.24
5/29/2001,568.39
5/30/2001,579.24
5/31/2001,582.95
6/1/2001,584.99
6/4/2001,599.73
6/5/2001,603.88
6/6/2001,615.6
6/7/2001,609.55
6/8/2001,606.46
6/11/2001,600.64
6/12/2001,601.77
6/13/2001,599.7
6/14/2001,597.59
6/15/2001,604.79
6/18/2001,611.84
6/19/2001,627.69
6/20/2001,632.5
6/21/2001,627.87
6/22/2001,631.59
6/25/2001,647.45
6/26/2001,647.3
6/27/2001,652.11
6/28/2001,652.86
6/29/2001,648.57
7/2/2001,643.65
7/3/2001,642.63
7/4/2001,637.04
7/5/2001,631.31
7/6/2001,631.58
7/9/2001,623.68
7/10/2001,622.54
7/11/2001,626.82
7/12/2001,625.64
7/13/2001,628.49
7/16/2001,638.48
7/17/2001,650.93
7/18/2001,635.87
7/19/2001,628.12
7/20/2001,629.81
7/23/2001,633.28
7/24/2001,649.52
7/25/2001,648.92
7/26/2001,653.43
7/27/2001,660.44
7/30/2001,655.47
7/31/2001,668.71
8/1/2001,667.39
8/2/2001,675.06
8/3/2001,670.34
8/6/2001,667.81
8/7/2001,682.79
8/8/2001,691.12
8/9/2001,721.01
8/10/2001,755.21
8/13/2001,761.14
8/14/2001,758.52
8/15/2001,762.75
8/16/2001,762.32
8/17/2001,756.1
8/20/2001,771.81
8/21/2001,780.31
8/22/2001,781.05
8/23/2001,778.74
8/24/2001,771.43
8/27/2001,770.26
8/28/2001,769.88
8/29/2001,764.23
8/30/2001,771.8
8/31/2001,776.6
9/3/2001,780.61
9/4/2001,773.8
9/5/2001,773.12
9/6/2001,776.09
9/7/2001,767.46
9/10/2001,758.76
9/11/2001,754.17
9/12/2001,740.51
9/13/2001,769.07
9/14/2001,757.5
9/17/2001,737.8
9/18/2001,734.73
9/19/2001,729.97
9/20/2001,719.35
9/21/2001,706.58
9/24/2001,685.97
9/25/2001,701.29
9/26/2001,713.89
9/27/2001,715.83
9/28/2001,713.75
10/1/2001,708.31
10/2/2001,719.48
10/3/2001,713.93
10/4/2001,707.59
10/5/2001,708.56
10/8/2001,704.72
10/9/2001,712.3
10/10/2001,696.64
10/11/2001,688.5
10/12/2001,684.82
10/15/2001,673.83
10/16/2001,693.17
10/17/2001,689.83
10/18/2001,704.28
10/19/2001,709.93
10/22/2001,710.68
10/23/2001,716.99
10/24/2001,712.97
10/25/2001,722.03
10/26/2001,722.13
10/29/2001,716.46
10/30/2001,707.7
10/31/2001,712.28
11/1/2001,728.4
11/2/2001,722.34
11/5/2001,721.3
11/6/2001,720.34
11/7/2001,722.45
11/8/2001,731.57
11/9/2001,732.65
11/12/2001,742.67
11/13/2001,747.76
11/14/2001,740.64
11/15/2001,734.32
11/16/2001,735
11/19/2001,730.82
11/20/2001,736.21
11/21/2001,735.44
11/22/2001,735.24
11/23/2001,738.94
11/26/2001,739.5
11/27/2001,742.83
11/28/2001,745.2
11/29/2001,754.79
11/30/2001,757.64
12/3/2001,752.04
12/4/2001,744.51
12/5/2001,748.52
12/6/2001,741.57
12/7/2001,737.09
12/10/2001,725.31
12/11/2001,732.3
12/12/2001,738.73
12/13/2001,728.16
12/14/2001,728.2
12/17/2001,735.03
12/18/2001,754.85
1/3/2002,762.73
1/4/2002,778.64
1/7/2002,776.28
1/8/2002,762.83
1/9/2002,763.33
1/10/2002,762.24
1/11/2002,754.64
1/14/2002,760.09
1/15/2002,744.19
1/16/2002,741.39
1/17/2002,755.22
1/18/2002,753.05
1/21/2002,755.17
1/22/2002,761.22
1/23/2002,770.64
1/24/2002,758.84
1/25/2002,756.56
1/28/2002,757.61
1/29/2002,757.49
1/30/2002,766.13
1/31/2002,766.72
2/1/2002,776.43
2/4/2002,792.95
2/5/2002,793.95
2/6/2002,807.44
2/7/2002,792.06
2/8/2002,795.53
2/11/2002,795.29
2/12/2002,788.94
2/13/2002,783.71
2/14/2002,786.83
2/15/2002,789.98
2/18/2002,792.9
2/19/2002,792.6
2/20/2002,789.37
2/21/2002,790.33
2/22/2002,792.82
2/25/2002,790.27
2/26/2002,791.1
2/27/2002,797.19
2/28/2002,797.78
3/1/2002,824.7
3/4/2002,819.11
3/5/2002,811.95
3/6/2002,834.2
3/7/2002,846
3/8/2002,852.85
3/11/2002,840.23
3/12/2002,835.35
3/13/2002,827.73
3/14/2002,840.18
3/15/2002,838.36
3/18/2002,838.57
3/19/2002,834.71
3/20/2002,847.01
3/21/2002,865.46
3/22/2002,868.72
3/25/2002,862.79
3/26/2002,858.71
3/27/2002,860.7
3/28/2002,862.1
3/29/2002,879.78
4/1/2002,882.84
4/2/2002,883.37
4/3/2002,894.29
4/4/2002,899.18
4/5/2002,897.5
4/8/2002,899.03
4/9/2002,890.15
4/10/2002,886.91
4/11/2002,898.92
4/12/2002,931.81
4/15/2002,989.47
4/16/2002,967.85
4/17/2002,953.65
4/18/2002,978.55
4/19/2002,1005.07
4/22/2002,1068.77
4/23/2002,1089.22
4/24/2002,1085.39
4/25/2002,1093.7
4/26/2002,1099.95
4/29/2002,1129.6899
4/30/2002,1184.84
5/7/2002,1241.65
5/8/2002,1240.05
5/9/2002,1242.9
5/10/2002,1245.96
5/13/2002,1217.53
5/14/2002,1156.13
5/15/2002,1181.79
5/16/2002,1181.87
5/17/2002,1163.65
5/20/2002,1174.04
5/21/2002,1193.33
5/22/2002,1213.54
5/23/2002,1250.4301
5/24/2002,1255.8
5/27/2002,1253.9301
5/28/2002,1263.5699
5/29/2002,1255.53
5/30/2002,1255.59
5/31/2002,1260.5601
6/3/2002,1255.72
6/4/2002,1252.72
6/5/2002,1245.53
6/6/2002,1241.0601
6/7/2002,1245.86
6/10/2002,1235.58
6/11/2002,1237.83
6/12/2002,1248.63
6/13/2002,1267.1801
6/14/2002,1268.96
6/17/2002,1304.02
6/18/2002,1285.9399
6/19/2002,1281.4399
6/20/2002,1266.8
6/21/2002,1265.73
6/24/2002,1268.4301
6/25/2002,1273.28
6/26/2002,1270.86
6/27/2002,1266.35
6/28/2002,1241.1899
7/1/2002,1218.28
7/2/2002,1223.41
7/3/2002,1202.17
7/4/2002,1179.0699
7/5/2002,1164.3
7/8/2002,1186.89
7/9/2002,1201.01
7/10/2002,1198.87
7/11/2002,1187.54
7/12/2002,1211.61
7/15/2002,1212.73
7/16/2002,1215.0601
7/17/2002,1214.64
7/18/2002,1226.09
7/19/2002,1247.0699
7/22/2002,1236.9399
7/23/2002,1245.04
7/24/2002,1249.25
7/25/2002,1251.74
7/26/2002,1255.3
7/29/2002,1260.04
7/30/2002,1245.1801
7/31/2002,1253.96
8/1/2002,1242.11
8/2/2002,1242.02
8/5/2002,1250.53
8/6/2002,1276.11
8/7/2002,1301.98
8/8/2002,1304.2
8/9/2002,1310.8101
8/12/2002,1296.27
8/13/2002,1293.83
8/14/2002,1293.6
8/15/2002,1287.52
8/16/2002,1301.91
8/19/2002,1312.8199
8/20/2002,1309.41
8/21/2002,1313.02
8/22/2002,1317.1801
8/23/2002,1339.96
8/26/2002,1374.05
8/27/2002,1367.05
8/28/2002,1373.34
8/29/2002,1387.38
8/30/2002,1393.3199
9/2/2002,1441.02
9/3/2002,1412.03
9/4/2002,1419.67
9/5/2002,1427.27
9/6/2002,1433.1
9/9/2002,1441.04
9/10/2002,1459.03
9/11/2002,1501.29
9/12/2002,1549.09
9/13/2002,1552.59
9/16/2002,1564.09
9/17/2002,1598.24
9/18/2002,1586.27
9/19/2002,1596.45
9/20/2002,1610.5601
9/23/2002,1625.76
9/24/2002,1615.48
9/25/2002,1621.27
9/26/2002,1626.99
9/27/2002,1622.4
9/30/2002,1638.5699
10/1/2002,1666.34
10/2/2002,1698.77
10/3/2002,1699.53
10/4/2002,1643.4
10/7/2002,1617.11
10/8/2002,1649.6899
10/9/2002,1655.52
10/10/2002,1636.51
10/11/2002,1599.1899
10/14/2002,1561.78
10/15/2002,1603.72
10/16/2002,1623.5699
10/17/2002,1634.83
10/18/2002,1636.89
10/21/2002,1626.21
10/22/2002,1639
10/23/2002,1655.1801
10/24/2002,1656.48
10/25/2002,1672
10/28/2002,1665.83
10/29/2002,1659.51
10/30/2002,1659.04
10/31/2002,1655.26
11/1/2002,1659.79
11/4/2002,1666.71
11/5/2002,1664.62
11/6/2002,1660.53
11/7/2002,1660.4301
11/8/2002,1654.39
11/11/2002,1684.54
11/12/2002,1681.3
11/13/2002,1705.21
11/14/2002,1677.11
11/15/2002,1670.45
11/18/2002,1669.72
11/19/2002,1652.02
11/20/2002,1636.5
11/21/2002,1634.1899
11/22/2002,1639.48
11/25/2002,1635.02
11/26/2002,1624.22
11/27/2002,1595.21
11/28/2002,1556.22
11/29/2002,1560.6
12/2/2002,1589.29
12/3/2002,1618.14
12/4/2002,1630.51
12/5/2002,1635.13
12/6/2002,1581.95
12/9/2002,1519.09
12/10/2002,1500.34
12/11/2002,1521.59
12/12/2002,1551.23
12/13/2002,1541.58
12/16/2002,1602.26
12/17/2002,1624.72
12/18/2002,1611.42
12/19/2002,1659.0601
1/6/2003,1708.36
1/7/2003,1697.98
1/8/2003,1713.67
1/9/2003,1731.48
1/10/2003,1766.05
1/13/2003,1860.3101
1/14/2003,1842.11
1/15/2003,1852.87
1/16/2003,1816.15
1/17/2003,1805.26
1/20/2003,1786.9399
1/21/2003,1789.34
1/22/2003,1781.23
1/23/2003,1747.86
1/24/2003,1772.76
1/27/2003,1784.38
1/28/2003,1773.52
1/29/2003,1763.36
1/30/2003,1773.46
1/31/2003,1774.5601
2/3/2003,1780.0601
2/4/2003,1783.9
2/5/2003,1762.15
2/6/2003,1748.14
2/7/2003,1745.1
2/10/2003,1755.42
2/11/2003,1755.42
2/12/2003,1758.03
2/13/2003,1755.46
2/14/2003,1748.05
2/17/2003,1742.6899
2/18/2003,1708.29
2/19/2003,1667.05
2/20/2003,1725.8199
2/21/2003,1728.6
2/24/2003,1771.91
2/25/2003,1729.59
2/26/2003,1724.8199
2/27/2003,1741.12
2/28/2003,1744.39
3/3/2003,1729.6899
3/4/2003,1723.72
3/5/2003,1720.12
3/6/2003,1715.97
3/7/2003,1711.39
3/10/2003,1704.8199
3/11/2003,1697.12
3/12/2003,1695.1801
3/13/2003,1682.75
3/14/2003,1639.6899
3/17/2003,1630.97
3/18/2003,1648.1
3/19/2003,1648.54
3/20/2003,1641.0699
3/21/2003,1659.17
3/24/2003,1655.61
3/25/2003,1655.1801
3/26/2003,1655.14
3/27/2003,1658.2
3/28/2003,1671.25
3/31/2003,1677.25
4/1/2003,1706.8
4/2/2003,1737.33
4/3/2003,1770.92
4/4/2003,1758.6801
4/7/2003,1774.25
4/8/2003,1753.54
4/9/2003,1740.17
4/10/2003,1732.42
4/11/2003,1728.75
4/14/2003,1728.21
4/15/2003,1731.8101
4/16/2003,1705.48
4/17/2003,1726.34
4/18/2003,1744.11
4/21/2003,1755.45
4/22/2003,1758.38
5/5/2003,1761.65
5/6/2003,1757.87
5/7/2003,1744.14
5/8/2003,1740.04
5/9/2003,1727.8199
5/12/2003,1706.71
5/13/2003,1693.2
5/14/2003,1718.49
5/15/2003,1755.5699
5/16/2003,1773.33
5/19/2003,1768.86
5/20/2003,1784.4399
5/21/2003,1767.97
5/22/2003,1749.46
5/23/2003,1735.9301
5/26/2003,1716.04
5/27/2003,1729
5/28/2003,1738.28
5/29/2003,1747.75
5/30/2003,1748.29
6/2/2003,1745.8
6/3/2003,1755.52
6/4/2003,1771.8199
6/5/2003,1780.36
6/6/2003,1787.76
6/9/2003,1790.03
6/10/2003,1783.51
6/11/2003,1793.54
6/12/2003,1796.45
6/13/2003,1817.65
6/16/2003,1801.14
6/17/2003,1807.27
6/18/2003,1834.21
6/19/2003,1865.42
6/20/2003,1867.04
6/23/2003,1861.13
6/24/2003,1843.25
6/25/2003,1817.63
6/26/2003,1840.47
6/27/2003,1818.23
6/30/2003,1812.4301
7/1/2003,1831.13
7/2/2003,1837.67
7/3/2003,1849.78
7/4/2003,1869.03
7/7/2003,1879.48
7/9/2003,1847.62
7/10/2003,1864.38
7/11/2003,1860.15
7/14/2003,1837.89
7/15/2003,1841.3199
7/16/2003,1832.83
7/17/2003,1837.53
7/18/2003,1831.9301
7/21/2003,1826.54
7/22/2003,1819.99
7/23/2003,1811.54
7/24/2003,1817.45
7/25/2003,1816.87
7/28/2003,1815.84
7/29/2003,1817.4
7/30/2003,1816.16
7/31/2003,1821.66
8/1/2003,1828.36
8/4/2003,1826.67
8/5/2003,1835.14
8/6/2003,1830.16
8/7/2003,1823.03
8/8/2003,1823.35
8/11/2003,1810.61
8/12/2003,1814.87
8/13/2003,1814.88
8/14/2003,1809.09
8/15/2003,1814.64
8/18/2003,1806.0699
8/19/2003,1824
8/20/2003,1832.04
8/21/2003,1834.15
8/22/2003,1841.29
8/25/2003,1828.71
8/26/2003,1847.24
8/27/2003,1875.73
8/28/2003,1876.42
8/29/2003,1870.84
9/1/2003,1863.2
9/2/2003,1861.6801
9/3/2003,1865.64
9/4/2003,1877.26
9/5/2003,1874.83
9/8/2003,1874.2
9/9/2003,1874.4301
9/10/2003,1884.73
9/11/2003,1883.27
9/12/2003,1883.9
9/15/2003,1873.52
9/16/2003,1878.46
9/17/2003,1869.92
9/18/2003,1865.28
9/19/2003,1875.53
9/22/2003,1869.24
9/23/2003,1872.27
9/24/2003,1879.95
9/25/2003,1873.52
9/26/2003,1872.9399
9/29/2003,1881.8199
9/30/2003,1875.95
10/1/2003,1882.88
10/2/2003,1885.0699
10/3/2003,1870.08
10/6/2003,1865.2
10/7/2003,1865.0699
10/8/2003,1870.5699
10/9/2003,1879.11
10/10/2003,1887.04
10/13/2003,1897.64
10/14/2003,1895.13
10/15/2003,1895.13
10/16/2003,1905.9399
10/17/2003,1901.13
10/20/2003,1908.65
10/21/2003,1930.1
10/22/2003,1922.77
10/23/2003,1907.55
10/24/2003,1914.3101
10/27/2003,1917.4399
10/28/2003,1894.75
10/29/2003,1906.7
10/30/2003,1910.61
10/31/2003,1909.87
11/3/2003,1911.52
11/4/2003,1907.8199
11/5/2003,1920.01
11/6/2003,1917.91
11/7/2003,1908.5601
11/10/2003,1934.5601
11/11/2003,1952.21
11/12/2003,1969.37
11/13/2003,1978.85
11/14/2003,2006.74
11/17/2003,1992.33
11/18/2003,1996.09
11/19/2003,1992.22
11/20/2003,1993.1
11/21/2003,1994.88
11/24/2003,1995.9301
11/25/2003,2011.88
11/26/2003,2023.28
11/27/2003,2029.72
11/28/2003,2043.76
12/2/2003,2044.45
12/3/2003,2042.05
12/4/2003,2039.8
12/5/2003,2037.54
12/8/2003,2022.9
12/9/2003,2028.3101
12/10/2003,2039.42
12/11/2003,2063.3401
12/12/2003,2099.9399
12/15/2003,2110.6799
12/16/2003,2123.3201
12/17/2003,2128.74
12/18/2003,2150.6699
12/19/2003,2171.8799
1/5/2004,2259.8101
1/6/2004,2257.1299
1/7/2004,2277.1499
1/8/2004,2282.24
1/9/2004,2275.24
1/12/2004,2264.1599
1/13/2004,2273.24
1/14/2004,2283.3799
1/15/2004,2279.76
1/16/2004,2281.3501
1/19/2004,2289.3401
1/20/2004,2292.6799
1/21/2004,2324.1201
1/22/2004,2382.3401
1/23/2004,2393.3501
1/26/2004,2432.51
1/27/2004,2421.95
1/28/2004,2418.6001
1/29/2004,2406.21
1/30/2004,2391.6399
2/2/2004,2421.1201
2/3/2004,2446.49
2/4/2004,2462.71
2/5/2004,2463.8301
2/6/2004,2476.21
2/9/2004,2496.3501
2/10/2004,2525.98
2/11/2004,2540.97
2/12/2004,2576
2/13/2004,2637.3999
2/16/2004,2616.71
2/17/2004,2647.9399
2/18/2004,2693.1299
2/19/2004,2676.96
2/20/2004,2631.6799
2/23/2004,2588.51
2/24/2004,2586.3799
2/25/2004,2564.6699
2/26/2004,2580.3
2/27/2004,2581.4199
3/1/2004,2597.3501
3/2/2004,2618.02
3/3/2004,2638.4399
3/4/2004,2702.8101
3/5/2004,2713.9399
3/8/2004,2680.95
3/9/2004,2684.76
3/10/2004,2723.3201
3/11/2004,2769.74
3/12/2004,2801.03
3/15/2004,2872.3601
3/16/2004,2904.3601
3/17/2004,2903.21
3/18/2004,2900.72
3/19/2004,2999.1001
3/22/2004,2983.71
3/23/2004,2954.8999
3/24/2004,2948.9399
3/25/2004,2982.6499
3/26/2004,2978.0901
3/29/2004,2978.3601
3/30/2004,2958.54
3/31/2004,2972.2
4/1/2004,3032.1201
4/2/2004,2991.1599
4/5/2004,3005.76
4/6/2004,2998.1201
4/7/2004,2956.45
4/8/2004,2946.4199
4/9/2004,2856.3999
4/13/2004,2910.4299
4/14/2004,2915.1499
4/15/2004,2919.8201
4/16/2004,2930.3701
4/19/2004,2783.55
4/20/2004,2812.75
4/21/2004,2874.95
4/22/2004,2879.3201
4/23/2004,2909.23
4/26/2004,2828.4099
4/27/2004,2718.25
4/28/2004,2700.6299
4/29/2004,2732.1699
4/30/2004,2706.8
5/3/2004,2702.95
5/4/2004,2697.45
5/5/2004,2662.1101
5/6/2004,2667.6799
5/7/2004,2646.4199
5/10/2004,2718.29
5/11/2004,2765.1799
5/12/2004,2807.5901
5/13/2004,2822.4399
5/14/2004,2800.22
5/17/2004,2796.27
5/18/2004,2802.74
5/19/2004,2842.8101
5/20/2004,2903.1799
5/21/2004,2972.98
5/24/2004,2929.98
5/25/2004,2936.3401
5/26/2004,2936.26
5/27/2004,2941.46
5/28/2004,2934.5801
5/31/2004,2871.47
6/1/2004,2915.3101
6/2/2004,2924.3301
6/3/2004,2935.6499
6/4/2004,2926.99
6/7/2004,2927.24
6/8/2004,2908.1699
6/9/2004,2906.6599
6/10/2004,2908.1899
6/11/2004,2932.8
6/14/2004,2950.6899
6/15/2004,2986.6599
6/16/2004,2984.01
6/17/2004,3017.9099
6/18/2004,3026.3799
6/21/2004,3017.6499
6/22/2004,2990.3601
6/23/2004,2970.8701
6/25/2004,2958.1499
6/28/2004,3000.0801
6/29/2004,3045.49
6/30/2004,3076.0601
7/1/2004,3119.46
7/2/2004,3138.27
7/5/2004,3206.8701
7/6/2004,3259.72
7/7/2004,3214.5601
7/8/2004,3231.95
7/9/2004,3228.97
7/12/2004,3239.3501
7/13/2004,3272.99
7/14/2004,3287.3701
7/15/2004,3264.6599
7/16/2004,3293.3
7/19/2004,3294.78
7/20/2004,3316.3401
7/21/2004,3322.6399
7/22/2004,3336.76
7/23/2004,3298.21
7/26/2004,3253.1799
7/27/2004,3261.3701
7/28/2004,3296.3201
7/29/2004,3300.3201
7/30/2004,3298.98
8/2/2004,3302.6499
8/3/2004,3233.8601
8/4/2004,3232.9399
8/5/2004,3245.9199
8/6/2004,3201.02
8/9/2004,3190.1001
8/10/2004,3213.9099
8/11/2004,3237.4299
8/12/2004,3216.8101
8/13/2004,3218.6499
8/16/2004,3202.23
8/17/2004,3229.45
8/18/2004,3257.1699
8/19/2004,3273.8701
8/20/2004,3242.71
8/23/2004,3244.3101
8/24/2004,3203.4299
8/25/2004,3188.54
8/26/2004,3178.76
8/27/2004,3179.3601
8/30/2004,3177.05
8/31/2004,3157.96
9/1/2004,3176.52
9/2/2004,3216.26
9/3/2004,3205.4099
9/6/2004,3249.26
9/7/2004,3254.7
9/8/2004,3267.6799
9/9/2004,3297.4099
9/10/2004,3255.8301
9/13/2004,3240.4399
9/14/2004,3245.1001
9/15/2004,3267.73
9/16/2004,3288.6599
9/17/2004,3304.22
9/20/2004,3317.3701
9/21/2004,3307.01
9/22/2004,3302.1201
9/23/2004,3291.6001
9/24/2004,3269.0701
9/27/2004,3273.1599
9/28/2004,3268.3301
9/29/2004,3240.1101
9/30/2004,3221.78
10/1/2004,3253.97
10/4/2004,3255.6499
10/5/2004,3285.9399
10/6/2004,3324.9299
10/7/2004,3334.1499
10/8/2004,3340.8701
10/11/2004,3328.3501
10/12/2004,3363.24
10/13/2004,3391.4399
10/14/2004,3463.5701
10/15/2004,3529.7
10/18/2004,3545.3899
10/19/2004,3568.8401
10/20/2004,3612.26
10/21/2004,3623.21
10/22/2004,3700.4299
10/25/2004,3753.1399
10/27/2004,3827.29
10/28/2004,3827.95
10/29/2004,3894.6001
11/1/2004,3857.1799
11/2/2004,3869.73
11/3/2004,3892.98
11/4/2004,3890.8201
11/5/2004,3852.3899
11/8/2004,3855.8701
11/9/2004,3861.6499
11/10/2004,3779.28
11/11/2004,3812.25
11/12/2004,3805.01
11/15/2004,3801.3501
11/16/2004,3828.1399
11/17/2004,3856.51
11/18/2004,3845.0801
11/19/2004,3839.8899
11/22/2004,3871.75
11/23/2004,3918.75
11/24/2004,3968.4099
11/25/2004,3942.21
11/26/2004,3974.1399
11/29/2004,3999.7
11/30/2004,3957.53
12/2/2004,4043.26
12/3/2004,4056.5601
12/6/2004,4068.3601
12/7/2004,4051.0901
12/8/2004,4072.8799
12/9/2004,4119.3501
12/10/2004,4165.29
12/13/2004,4247.7598
12/14/2004,4279.79
12/15/2004,4286.02
12/16/2004,4259.6699
12/17/2004,4304.5498
12/20/2004,4376.9399
12/21/2004,4366.8301
12/22/2004,4352.8398
12/23/2004,4336.02
12/24/2004,4364.71
1/3/2005,4622.73
1/4/2005,4779.3301
1/5/2005,4983.46
1/6/2005,5016.6299
1/7/2005,5106.7002
1/10/2005,5162.7998
1/11/2005,5033.8101
1/12/2005,4949.3198
1/13/2005,5077.2202
1/14/2005,5158.7598
1/17/2005,5187.2202
1/18/2005,5305.3101
1/19/2005,5458.5898
1/20/2005,5452.0801
1/21/2005,5666.4702
1/24/2005,5961.46
1/25/2005,5835.5
1/26/2005,5721.0298
1/27/2005,5682.6001
1/28/2005,5690.0098
1/31/2005,5645.1299
2/2/2005,5815.8999
2/3/2005,5899.54
2/4/2005,5870.6499
2/7/2005,5896.3398
2/8/2005,5643.8301
2/9/2005,5325.6602
2/10/2005,5615.0698
2/11/2005,5756.7402
2/14/2005,6065.6499
2/15/2005,6071.1099
2/16/2005,6099.8301
2/17/2005,6040.0498
2/18/2005,6069.98
2/21/2005,6242.7402
2/22/2005,6269.5601
2/23/2005,6520.9702
2/24/2005,6525.0801
2/25/2005,6308.21
2/28/2005,6225.8501
3/1/2005,6357.9502
3/2/2005,6370.3398
3/3/2005,6314.3901
3/4/2005,6290.6499
3/7/2005,6065.7002
3/8/2005,5935.4102
3/9/2005,5993.8501
3/10/2005,6101.6602
3/11/2005,6111.2998
3/14/2005,6055.5601
3/15/2005,5915.8799
3/16/2005,5763.3599
3/17/2005,5366.8599
3/18/2005,5213.8901
3/21/2005,5141.7998
3/22/2005,5064.2402
3/23/2005,5117.1201
3/24/2005,5197.4302
3/25/2005,5073.79
3/28/2005,4504.4702
3/29/2005,4715.5298
3/30/2005,4912.8599
3/31/2005,5181.1299
4/1/2005,5385.2202
4/4/2005,5336.4302
4/5/2005,5368.0498
4/6/2005,5322.1602
4/7/2005,5211.2598
4/8/2005,5186.1899
4/11/2005,5212.02
4/12/2005,5256.6299
4/13/2005,5308.6802
4/14/2005,5216.4902
4/15/2005,5089.02
4/18/2005,4998.1499
4/19/2005,4937.0698
4/20/2005,4738.5098
4/21/2005,4819.27
4/22/2005,4784.3799
4/25/2005,4660.5601
4/26/2005,4745.21
4/27/2005,4703.3599
4/28/2005,4741.6001
4/29/2005,4794.3999
5/3/2005,4904.7402
5/4/2005,5043.98
5/5/2005,5062.21
5/6/2005,5097.2002
5/9/2005,5055.6099
5/10/2005,4968.3999
5/11/2005,4904.3301
5/12/2005,4870.8101
5/13/2005,4903.02
5/16/2005,4918.0098
5/17/2005,4960.6602
5/18/2005,4971.6802
5/19/2005,5067.29
5/20/2005,5148.1602
5/23/2005,5116.3101
5/24/2005,5108.8301
5/25/2005,5063.1099
5/26/2005,4935.2402
5/27/2005,4854.77
5/30/2005,4570.75
5/31/2005,4712.8901
6/1/2005,4836.0298
6/2/2005,4844.8501
6/3/2005,4817.29
6/6/2005,4705.9902
6/7/2005,4769.79
6/8/2005,4804.9902
6/9/2005,4910.9399
6/10/2005,4891.6699
6/13/2005,4912.5601
6/14/2005,4948.0698
6/15/2005,4904.1401
6/16/2005,4901.0098
6/17/2005,4883.8799
6/20/2005,4881.75
6/21/2005,4896.9302
6/22/2005,4861.48
6/23/2005,4880.1499
6/24/2005,4852.8999
7/4/2005,4888.0098
7/5/2005,4906.4902
7/6/2005,4955.52
7/7/2005,4957.6099
7/8/2005,4973.8999
7/11/2005,5042.1001
7/13/2005,5227
7/14/2005,5245.48
7/15/2005,5241.52
7/18/2005,5199.77
7/19/2005,5268.5898
7/20/2005,5417.6299
7/21/2005,5428.1001
7/22/2005,5479.8101
7/25/2005,5501.5098
7/26/2005,5467.7598
7/27/2005,5451.1201
7/28/2005,5434.5801
7/29/2005,5492.6001
8/1/2005,5555.0298
8/2/2005,5582.8999
8/3/2005,5713.98
8/4/2005,5790.54
8/5/2005,5747.5601
8/8/2005,5750.0601
8/9/2005,5697.8301
8/10/2005,5650.9399
8/11/2005,5644.02
8/12/2005,5678.5298
8/15/2005,5755.8599
8/16/2005,5733.9902
8/17/2005,5701.29
8/18/2005,5581.4199
8/19/2005,5564.23
8/22/2005,5508.9702
8/23/2005,5542.4302
8/24/2005,5514.71
8/25/2005,5466.23
8/26/2005,5432.98
8/29/2005,5444.0298
8/30/2005,5511.0801
8/31/2005,5550.7402
9/1/2005,5624.77
9/2/2005,5650.3999
9/5/2005,5514.6899
9/6/2005,5574.75
9/7/2005,5566.8101
9/8/2005,5655.5298
9/9/2005,5719.8501
9/12/2005,5774.46
9/13/2005,5874.8501
9/14/2005,5955.1699
9/15/2005,6055.8398
9/16/2005,6033.46
9/19/2005,6119.6201
9/20/2005,6207.0801
9/21/2005,6092.79
9/22/2005,6128.21
9/23/2005,6253.52
9/26/2005,6317.75
9/27/2005,6342.0801
9/28/2005,6269.25
9/29/2005,6248.4399
9/30/2005,6243.0801
10/3/2005,6220.5801
10/4/2005,6258.3701
10/5/2005,6249.2998
10/6/2005,6303.7202
10/7/2005,6237.9302
10/10/2005,6292.2798
10/11/2005,6337.8198
10/12/2005,6411.77
10/13/2005,6366.8501
10/14/2005,6275.7798
10/17/2005,6352.5601
10/18/2005,6496.04
10/19/2005,6435.48
10/20/2005,6441.46
10/21/2005,6451.9502
10/24/2005,6481.6299
10/25/2005,6616.3999
10/26/2005,6590.96
10/27/2005,6501.8999
10/28/2005,6336.4502
10/31/2005,6222.2998
11/1/2005,6200.0498
11/2/2005,6298.5601
11/3/2005,6179.8901
11/4/2005,6212.3398
11/7/2005,6293.9399
11/8/2005,6206.6899
11/9/2005,6214.6201
11/10/2005,6181.1602
11/11/2005,6256.8101
11/14/2005,6293.1201
11/15/2005,6318.8501
11/17/2005,6412.8599
11/18/2005,6478.3301
11/21/2005,6553.6899
11/22/2005,6620.5298
11/23/2005,6538.0098
11/24/2005,6620.1299
11/25/2005,6662.3101
11/28/2005,6779.0498
11/29/2005,6817.2798
11/30/2005,6776.5601
12/5/2005,6666.1401
12/6/2005,6625.5801
12/7/2005,6729.5298
12/8/2005,6773.1699
12/9/2005,6829.5698
12/12/2005,6747.0498
12/13/2005,6764.5898
12/14/2005,6692.2598
12/15/2005,6653.3701
12/16/2005,6697.7598
12/19/2005,6639.6899
12/20/2005,6653.6699
12/21/2005,6650.5898
12/22/2005,6637.0601
12/23/2005,6586.1299
1/3/2006,6816.8398
1/4/2006,7045.8301
1/5/2006,7039.6699
1/6/2006,7034.1499
1/9/2006,7256.2002
1/10/2006,7256.3198
1/11/2006,7440.3501
1/12/2006,7564.6899
1/13/2006,7521.2002
1/16/2006,7669.1899
1/17/2006,7719.79
1/18/2006,7533.8701
1/19/2006,7671.1499
1/20/2006,7819.7202
1/23/2006,7836.48
1/24/2006,7771.4199
1/25/2006,7849.4702
1/26/2006,7900.5298
1/27/2006,7878.1201
1/30/2006,8015.6001
1/31/2006,8096.8501
2/1/2006,8340.6797
2/2/2006,8225.7695
2/3/2006,8282.9697
2/6/2006,8275.6504
2/7/2006,8484.2998
2/8/2006,8334.04
2/9/2006,8350.5303
2/10/2006,8408.9004
2/13/2006,8372.6504
2/14/2006,8117.0098
2/15/2006,8121.1899
2/16/2006,8232.5195
2/17/2006,8200.9404
2/20/2006,8151.2598
2/21/2006,7956.96
2/22/2006,8038.8799
2/23/2006,8015.04
2/24/2006,7977.5698
2/27/2006,7994.98
2/28/2006,8192.5098
3/1/2006,8112.8198
3/2/2006,7855.2002
3/3/2006,7951.0898
3/6/2006,7958.0498
3/7/2006,7899.6001
3/8/2006,7904.1499
3/9/2006,7650.8198
3/10/2006,7557.1001
3/13/2006,7615.23
3/14/2006,7411.2402
3/15/2006,7410.0801
3/16/2006,7558.8198
3/17/2006,7467.8599
3/20/2006,7529.8501
3/21/2006,7612.4502
3/22/2006,7621.8398
3/23/2006,7576.48
3/24/2006,7613.4702
3/27/2006,7671.3599
3/28/2006,7656.3999
3/29/2006,7586.96
3/30/2006,7509.7402
3/31/2006,7499.25
4/3/2006,7511.4502
4/4/2006,7380.9102
4/5/2006,7313.2002
4/6/2006,7175.8301
4/7/2006,7316.71
4/10/2006,7421.2998
4/11/2006,7588.3599
4/12/2006,7572.71
4/13/2006,7440.6802
4/14/2006,7508.21
4/17/2006,7507.75
4/18/2006,7495.3999
4/19/2006,7444.0498
4/20/2006,7444.6499
4/21/2006,7461.6899
4/25/2006,7493.4399
4/26/2006,7495.5098
4/27/2006,7491.5298
4/28/2006,7550.8799
5/2/2006,7506.52
5/3/2006,7437.8398
5/4/2006,7373.8799
5/5/2006,7402.9302
5/8/2006,7454.54
5/9/2006,7368.3101
5/10/2006,7369.71
5/11/2006,7395.4702
5/12/2006,7430.5
5/15/2006,7305
5/16/2006,7235.7598
5/17/2006,7271.6602
5/18/2006,7144.7798
5/19/2006,7148.5
5/22/2006,6990.4102
5/23/2006,6615.25
5/24/2006,6814.3398
5/25/2006,6865.2202
5/26/2006,7184.5698
5/29/2006,7143.98
5/30/2006,7029.6401
5/31/2006,7058.9399
6/1/2006,6981.0098
6/2/2006,7101.9102
6/5/2006,7078.23
6/6/2006,7073.6602
6/7/2006,7024.9902
6/8/2006,6919.1201
6/9/2006,6877.0801
6/12/2006,6725.21
6/13/2006,6721.8398
6/14/2006,6679.73
6/15/2006,6599.02
6/16/2006,6632.7598
6/19/2006,6726.3599
6/20/2006,6691.8198
6/21/2006,6652.0098
6/22/2006,6630.3999
6/23/2006,6685.8501
6/26/2006,6552.0298
6/27/2006,6437.9302
6/28/2006,6603.8701
6/29/2006,6801.0898
6/30/2006,7056.23
7/3/2006,7243.3901
7/4/2006,7434.1299
7/5/2006,7286.4102
7/6/2006,7401.2002
7/7/2006,7552.5698
7/10/2006,7534.3398
7/11/2006,7464.3701
7/12/2006,7500.1299
7/13/2006,7481.2402
7/14/2006,7335.1299
7/17/2006,7491.9199
7/18/2006,7653.9102
7/19/2006,7501.6401
7/20/2006,7557.4302
7/21/2006,7490.98
7/24/2006,7517.79
7/25/2006,7627.3999
7/26/2006,7659.77
7/27/2006,7766.9902
7/28/2006,7772.2402
7/31/2006,7701.8701
8/1/2006,7668.3799
8/2/2006,7626.3999
8/3/2006,7610.3198
8/4/2006,7590.1499
8/7/2006,7533.96
8/8/2006,7633.8501
8/9/2006,7787.8901
8/10/2006,7856.3701
8/11/2006,7783.54
8/14/2006,7800.04
8/15/2006,7766.4199
8/16/2006,7840.3999
8/17/2006,7774.8198
8/18/2006,7755.7798
8/21/2006,7746.27
8/22/2006,7731.4302
8/23/2006,7667.4702
8/24/2006,7638.6699
8/25/2006,7639.5498
8/28/2006,7598.1099
8/29/2006,7580.2598
8/30/2006,7701.1299
8/31/2006,7684.6099
9/1/2006,7672.3701
9/4/2006,7703.3301
9/5/2006,7711.2402
9/6/2006,7651.5801
9/7/2006,7652.1499
9/8/2006,7719.21
9/11/2006,7678.8599
9/12/2006,7650.0898
9/13/2006,7647.71
9/14/2006,7630.6201
9/15/2006,7805.1802
9/18/2006,7715.6802
9/19/2006,7825.3301
9/20/2006,7839.7798
9/21/2006,7830.04
9/22/2006,7803.1201
9/25/2006,7876.6499
9/26/2006,7861.1602
9/27/2006,7859.0698
9/28/2006,7927.8799
9/29/2006,7952.8398
10/2/2006,8111.5898
10/3/2006,8251.2305
10/4/2006,8416.25
10/5/2006,8367.3203
10/6/2006,8323.8398
10/9/2006,8328.1299
10/10/2006,8332.3398
10/11/2006,8275.4404
10/12/2006,8299.5195
10/13/2006,8280.0996
10/16/2006,8388.3496
10/17/2006,8470.7803
10/18/2006,8386.04
10/19/2006,8434.3799
10/20/2006,8389.1602
10/23/2006,8440.6299
10/24/2006,8440.7998
10/25/2006,8488.1201
10/26/2006,8445.6699
10/27/2006,8313.4004
10/30/2006,8323.5498
10/31/2006,8464.54
11/1/2006,8442.9004
11/2/2006,8381.5703
11/6/2006,8322.0303
11/7/2006,8208.79
11/8/2006,7957.6401
11/9/2006,8141.8301
11/10/2006,8211.4805
11/13/2006,8103.1401
11/14/2006,8057.04
11/15/2006,7981.9199
11/16/2006,7852.77
11/17/2006,7966.4302
11/20/2006,8021.7598
11/21/2006,7954.4502
11/22/2006,7918.3799
11/23/2006,7891.3301
11/24/2006,7912.2998
11/27/2006,8062.6201
11/28/2006,8007.8599
11/29/2006,7938.1099
11/30/2006,8047.98
12/4/2006,7907.8901
12/5/2006,7919.21
12/6/2006,7989.8101
12/7/2006,8107.2002
12/8/2006,8071.3599
12/11/2006,8120.0601
12/12/2006,7980.2402
12/13/2006,7991.1001
12/14/2006,8034.7998
12/15/2006,7926.3301
12/18/2006,7871.6699
12/19/2006,8050.1802
1/3/2007,8449.3604
1/4/2007,8421.4297
1/5/2007,8625.0498
1/8/2007,8623.7598
1/9/2007,8558.1797
1/10/2007,8388.4004
1/11/2007,8484.4902
1/12/2007,8540.4805
1/15/2007,8558.7998
1/16/2007,8511.3604
1/17/2007,8509.54
1/18/2007,8400.4902
1/19/2007,8317.7002
1/22/2007,8416.5098
1/23/2007,8558.5195
1/24/2007,8637.5898
1/25/2007,8601.6504
1/26/2007,8555.2998
1/29/2007,8620.29
1/30/2007,8649.9902
1/31/2007,8755.0303
2/1/2007,8784.5195
2/2/2007,8975.2305
2/5/2007,8934.1699
2/6/2007,8834.3604
2/7/2007,8816.3203
2/8/2007,8925.6797
2/9/2007,8967.6797
2/12/2007,9016.0996
2/13/2007,8811.25
2/14/2007,8925.3896
2/15/2007,8905
2/16/2007,8852.1396
2/19/2007,8843.2305
2/20/2007,8762.9502
2/21/2007,8822.29
2/22/2007,8848.5
2/23/2007,8945.4697
2/26/2007,8905.3896
2/27/2007,9085.9902
2/28/2007,8749.46
3/1/2007,8766.0703
3/2/2007,8514.9697
3/5/2007,8073.3301
3/6/2007,8287.4404
3/7/2007,8467.2305
3/8/2007,8533.5303
3/9/2007,8623.1396
3/12/2007,8622.0303
3/13/2007,8686.6699
3/14/2007,8568.1504
3/15/2007,8609.3096
3/16/2007,8557.9404
3/19/2007,8545.96
3/20/2007,8596.7998
3/21/2007,8624.2197
3/22/2007,8612.1104
3/23/2007,8694.6504
3/26/2007,8623.25
3/27/2007,8577.1699
3/28/2007,8522.2002
3/29/2007,8550.3301
3/30/2007,8547.46
4/2/2007,8510.25
4/3/2007,8575.0498
4/4/2007,8544.1104
4/5/2007,8565.25
4/6/2007,8623.75
4/10/2007,8614.0195
4/11/2007,8631.8203
4/12/2007,8546.6201
4/13/2007,8563.3096
4/16/2007,8698.2695
4/17/2007,8814.96
4/18/2007,8698.54
4/19/2007,8611.46
4/20/2007,8691.9805
4/23/2007,8824.4004
4/24/2007,8727.5596
4/25/2007,8733.8701
4/26/2007,8731.8896
4/27/2007,8780.96
5/2/2007,8697.1904
5/3/2007,8841.0195
5/4/2007,8996.7998
5/7/2007,9034.5098
5/8/2007,8899.1699
5/9/2007,8539.7598
5/10/2007,8533.7598
5/11/2007,8510.0498
5/14/2007,8536.5195
5/15/2007,8507.8096
5/16/2007,8413.8799
5/17/2007,8415.5898
5/18/2007,8490.7402
5/21/2007,8461.0195
5/22/2007,8606.0898
5/23/2007,8640.4297
5/24/2007,8633.46
5/25/2007,8696.96
5/28/2007,8710.2598
5/29/2007,8624.7002
5/30/2007,8546.75
5/31/2007,8663.5498
6/1/2007,8700.3604
6/4/2007,8735.9102
6/5/2007,8770.5
6/6/2007,8689.1104
6/7/2007,8705.1104
6/8/2007,8662.1396
6/11/2007,8651.5801
6/12/2007,8694.0996
6/13/2007,8637.6602
6/14/2007,8747.8496
6/15/2007,8999.7695
6/18/2007,9104.04
6/19/2007,9096.7998
6/20/2007,9168.79
6/21/2007,9213.3301
6/22/2007,9188.7197
6/25/2007,9193.9697
6/26/2007,9408.0303
6/27/2007,9460.96
6/28/2007,9585.9697
6/29/2007,9665.6104
7/2/2007,9651.0098
7/3/2007,9744.9004
7/4/2007,9990.2197
7/5/2007,10172.6396
7/6/2007,10010.0195
7/9/2007,10053.5
7/10/2007,10200.4805
7/11/2007,10039.4404
7/12/2007,10128.0703
7/13/2007,10172.5996
7/16/2007,10359.5996
7/17/2007,10174.0303
7/18/2007,10331.9805
7/19/2007,10455.6201
7/20/2007,10634.9199
7/23/2007,10795.4004
7/24/2007,10813.5898
7/25/2007,10446.0098
7/26/2007,10342.04
7/27/2007,10054.8896
7/30/2007,9787.5703
7/31/2007,10197.4697
8/1/2007,9908.9902
8/2/2007,10003.4102
8/3/2007,10081.7598
8/6/2007,10041.6299
8/7/2007,10138.6699
8/8/2007,10290.3496
8/9/2007,10273.0996
8/10/2007,10163.0303
8/13/2007,10103.5195
8/14/2007,9966.6504
8/15/2007,9789.96
8/16/2007,9421.21
8/17/2007,9330.2402
8/20/2007,9593.0303
8/21/2007,9499.0996
8/22/2007,9730.79
8/23/2007,10032.7002
8/24/2007,9886.4805
8/27/2007,10091.79
8/28/2007,10323.75
8/29/2007,10409.71
8/30/2007,10345.3096
8/31/2007,10262.8203
9/3/2007,10173.6797
9/4/2007,10209.3799
9/5/2007,10159.9102
9/6/2007,10139.4004
9/7/2007,10129.0303
9/10/2007,10013.8701
9/11/2007,9924.1904
9/12/2007,9953.2002
9/13/2007,9950.4199
9/14/2007,9934.7998
9/17/2007,9936.2402
9/18/2007,9870.5
9/19/2007,10055.8496
9/20/2007,9972.5195
9/21/2007,9976.4404
9/24/2007,9871.2197
9/25/2007,9659.9297
9/26/2007,9551.9805
9/27/2007,9497.8799
9/28/2007,9635.3799
10/1/2007,9755.9199
10/2/2007,9952.0098
10/3/2007,10045.5996
10/4/2007,10132.21
10/5/2007,10253.0801
10/8/2007,10416.9805
10/9/2007,10267.21
10/10/2007,10272.1797
10/11/2007,10069.8896
10/12/2007,10077.7305
10/15/2007,10167.2402
10/16/2007,10125.46
10/17/2007,10206.2305
10/18/2007,10115.9805
10/19/2007,9840.7998
10/22/2007,9784.4502
10/23/2007,10246.1602
10/24/2007,10099.79
10/25/2007,10055.7695
10/26/2007,10002.3398
10/29/2007,10027.5596
10/30/2007,9914.7002
10/31/2007,9950.1299
11/1/2007,9962.9902
11/2/2007,9921.6797
11/5/2007,9743.9697
11/6/2007,9518.8799
11/7/2007,9552.4102
11/8/2007,9447.3604
11/9/2007,9321.4297
11/12/2007,9064.7305
11/13/2007,9081.8701
11/14/2007,9179.4404
11/15/2007,9199.3496
11/16/2007,9095.0098
11/19/2007,9028.1396
11/20/2007,8846.6797
11/21/2007,8662.1904
11/22/2007,8564.7305
11/23/2007,8733.3496
11/26/2007,8851.4502
11/27/2007,8760.6602
11/28/2007,8547.6797
11/29/2007,8640.9502
11/30/2007,8893.3604
12/3/2007,8922.7402
12/4/2007,8965.2197
12/5/2007,9140.2402
12/6/2007,9398.46
12/7/2007,9447.7305
12/10/2007,9432.71
12/11/2007,9461.1104
12/12/2007,9374.6504
12/13/2007,9294.5098
12/14/2007,9427.96
12/17/2007,9306.96
12/18/2007,9504.0195
12/19/2007,9519.8604
12/20/2007,9544.7598
12/21/2007,9825.3799
1/3/2008,9567.1602
1/4/2008,9735.6699
1/7/2008,9506.29
1/8/2008,9409.0498
1/9/2008,9318.6104
1/10/2008,8948.6104
1/11/2008,8763.7695
1/14/2008,8525.5996
1/15/2008,8588.25
1/16/2008,8200.0898
1/17/2008,8339.7598
1/18/2008,8324.7402
1/21/2008,7941.8599
1/22/2008,7564.7402
1/23/2008,7425.5298
1/24/2008,7617.8501
1/25/2008,7915.8101
1/28/2008,7546.5298
1/29/2008,7684.1299
1/30/2008,7802.6201
1/31/2008,7494.5298
2/1/2008,7493.5298
2/4/2008,7615.2002
2/5/2008,7353.2402
2/6/2008,7305.1299
2/7/2008,7325.2002
2/8/2008,7299.0801
2/11/2008,7128.75
2/12/2008,7116.9399
2/13/2008,7156.4399
2/14/2008,7286.5698
2/15/2008,7136.1699
2/18/2008,7076.8198
2/19/2008,7077.9102
2/20/2008,7096.3398
2/21/2008,7331.6499
2/22/2008,7304.4502
2/25/2008,7641.8799
2/26/2008,7812.2798
2/27/2008,7659.29
2/28/2008,7571.9102
2/29/2008,7444.0498
3/3/2008,7247.4102
3/4/2008,7347.1602
3/5/2008,7360.5698
3/6/2008,7428.6001
3/7/2008,7286.3301
3/10/2008,7341.3301
3/11/2008,7303.7402
3/12/2008,7413.3599
3/13/2008,7367.8901
3/14/2008,7449.6602
3/17/2008,7206.9702
3/18/2008,7344.6499
3/19/2008,7294.1802
3/20/2008,6762.7402
3/21/2008,6857.7002
3/24/2008,6884.0098
3/25/2008,6887.48
3/26/2008,6833.3101
3/27/2008,6864.8101
3/28/2008,6964.3799
3/31/2008,6920.0098
4/1/2008,7005.29
4/2/2008,7108.8799
4/3/2008,7118.75
4/4/2008,7183.46
4/7/2008,7344.9302
4/8/2008,7273.7002
4/9/2008,7190.98
4/10/2008,7120.48
4/11/2008,6980.21
4/14/2008,6718.5698
4/15/2008,6786.8301
4/16/2008,6857.3799
4/17/2008,6881.9702
4/18/2008,6927.54
4/21/2008,7003.4102
4/22/2008,6949.1899
4/23/2008,6848.3701
4/24/2008,6913.46
4/25/2008,6974.8999
4/29/2008,7069.1299
4/30/2008,7020.48
5/5/2008,7147.2598
5/6/2008,7101.1802
5/7/2008,7091.3501
5/8/2008,7039.2998
5/9/2008,6949.54
5/12/2008,6874.2598
5/13/2008,6883.8501
5/14/2008,7056.5098
5/15/2008,7335.3701
5/16/2008,7542.3599
5/19/2008,7589.1099
5/20/2008,7552.3599
5/21/2008,7484.0098
5/22/2008,7362.71
5/23/2008,7341.71
5/26/2008,7311.75
5/27/2008,7412.9302
5/28/2008,7487.6499
5/29/2008,7648.5298
5/30/2008,7805.21
6/2/2008,7946.2002
6/3/2008,7840.9102
6/4/2008,7630.6299
6/5/2008,7621.0498
6/6/2008,7665.6401
6/9/2008,7597.6401
6/10/2008,7382.6899
6/11/2008,7422.2002
6/12/2008,7351.0698
6/13/2008,7367.8301
6/16/2008,7359.9102
6/17/2008,7383.1699
6/18/2008,7210.4102
6/19/2008,7012.9199
6/20/2008,6891.46
6/23/2008,6815.4399
6/24/2008,6666.9302
6/25/2008,6598.9702
6/26/2008,6438.02
6/27/2008,6595.4902
6/30/2008,6502.6499
7/1/2008,6299.6299
7/2/2008,6342.2002
7/3/2008,6231
7/4/2008,6179.8799
7/7/2008,6102.4902
7/8/2008,6106.48
7/9/2008,6286.6401
7/10/2008,6188.6802
7/11/2008,6076.3701
7/14/2008,6012.1099
7/15/2008,5674.3398
7/16/2008,5441.75
7/17/2008,5633.2202
7/18/2008,5735.27
7/21/2008,5832.1201
7/22/2008,5676.1802
7/23/2008,5850.2798
7/24/2008,5914.6899
7/25/2008,5856.3101
7/28/2008,5811.6401
7/29/2008,5847.1401
7/30/2008,6049.3599
7/31/2008,5948.77
8/1/2008,6029.4702
8/4/2008,6096.7402
8/5/2008,6163.9702
8/6/2008,6094.8901
8/7/2008,6321.4399
8/8/2008,6337.6699
8/11/2008,6380.7598
8/12/2008,6223.1401
8/13/2008,6048.6001
8/14/2008,5932.1802
8/15/2008,5911.6602
8/18/2008,5859.54
8/19/2008,5907.1899
8/20/2008,5735.1602
8/21/2008,5667.4102
8/22/2008,5686.6401
8/25/2008,5636.1299
8/26/2008,5530.3701
8/27/2008,5482.3799
8/28/2008,5554.9102
8/29/2008,5420.8701
9/1/2008,5479.3198
9/2/2008,5564.6602
9/3/2008,5527.8501
9/4/2008,5466.5498
9/5/2008,5283.1401
9/8/2008,5421.7402
9/9/2008,5361.04
9/10/2008,5225.7998
9/11/2008,5056.3599
9/12/2008,5037.02
9/15/2008,4823.21
9/16/2008,4480.6802
9/17/2008,4463.1099
9/18/2008,4272.3398
9/19/2008,4667.6201
9/22/2008,4761.6602
9/23/2008,4601.3799
9/24/2008,4630.8398
9/25/2008,4633.7998
9/26/2008,4519.1299
9/29/2008,4429.8501
9/30/2008,4258.04
10/1/2008,4327.5898
10/2/2008,4352.9199
10/3/2008,4368.9502
10/6/2008,4133.77
10/7/2008,3968.1899
10/8/2008,3600.96
10/9/2008,3539.0701
10/10/2008,3187.77
10/13/2008,3458.3799
10/14/2008,3825.5701
10/15/2008,3619.7
10/16/2008,3618.96
10/17/2008,3483.9299
10/20/2008,3460.3501
10/21/2008,3369.23
10/22/2008,3235.79
10/23/2008,3082.46
10/24/2008,2817.0601
10/27/2008,2596.3
10/28/2008,2733.4299
10/29/2008,2842.2
10/30/2008,2888.1899
10/31/2008,2866.3501
11/3/2008,2965.49
11/4/2008,3177.0601
11/5/2008,3077.02
11/6/2008,3106.1499
11/7/2008,3170.9299
11/10/2008,3365.23
11/11/2008,3218.8201
11/12/2008,3153.55
11/13/2008,3065.3201
11/14/2008,3128.53
11/17/2008,3024.1201
11/18/2008,3022.47
11/19/2008,2956.1201
11/20/2008,2865.4299
11/21/2008,2888.3101
11/24/2008,2941.3301
11/25/2008,3017.04
11/26/2008,2987.8899
11/27/2008,2987.5801
11/28/2008,2980.3899
12/2/2008,2938.4399
12/3/2008,2941.6001
12/4/2008,2936.4099
12/5/2008,2915.1299
12/8/2008,2946.52
12/9/2008,2938.3401
12/10/2008,2923.3799
12/11/2008,2899.05
12/12/2008,2875.4399
12/15/2008,2850.72
12/16/2008,2867.76
12/17/2008,2883.1001
12/18/2008,2887.74
12/19/2008,2847.8601
12/22/2008,2848.8701
12/23/2008,2901.1001
1/5/2009,2983.79
1/6/2009,3125.7
1/7/2009,2741.46
1/8/2009,2696.9199
1/9/2009,2749.6699
1/12/2009,2866.74
1/13/2009,2822.3799
1/14/2009,2786.76
1/15/2009,2776.8701
1/16/2009,2808.46
1/19/2009,2746.9199
1/20/2009,2598.0801
1/21/2009,2476.29
1/22/2009,2442.9399
1/23/2009,2300.6899
1/26/2009,2359.49
1/27/2009,2341.5
1/28/2009,2284.8999
1/29/2009,2304.8501
1/30/2009,2253.02
2/2/2009,2269.2
2/3/2009,2272.8101
2/4/2009,2198.76
2/5/2009,2265.95
2/6/2009,2283.46
2/9/2009,2281.8799
2/10/2009,2254.3101
2/11/2009,2234.6899
2/12/2009,2219.8201
2/13/2009,2164.79
2/16/2009,2068.22
2/17/2009,1890.54
2/18/2009,1974.26
2/19/2009,2065.3501
2/20/2009,1994.47
2/23/2009,1972.71
2/24/2009,1899.05
2/25/2009,1887.14
2/26/2009,1900.47
2/27/2009,1899.14
3/2/2009,1914.8101
3/3/2009,1907.1899
3/4/2009,1990.5699
3/5/2009,1939.33
3/6/2009,2017.39
3/9/2009,1964.5601
3/10/2009,2000.4
3/11/2009,1987.08
3/12/2009,2011.24
3/13/2009,2066.71
3/16/2009,2106.3501
3/17/2009,2118.95
3/18/2009,2119.4199
3/19/2009,2239.1201
3/20/2009,2296.6499
3/23/2009,2389.0801
3/24/2009,2370.1001
3/25/2009,2429.6899
3/26/2009,2516.73
3/27/2009,2427.4199
3/30/2009,2278.4399
3/31/2009,2367.47
4/1/2009,2425.03
4/2/2009,2565.1599
4/3/2009,2582.4399
4/6/2009,2623.73
4/7/2009,2570.22
4/8/2009,2656.05
4/9/2009,2803.74
4/10/2009,2864.52
4/13/2009,2819.4199
4/14/2009,2772.1201
4/15/2009,2747.4099
4/16/2009,2934.22
4/17/2009,2871.1799
4/21/2009,2761.1399
4/22/2009,2828.97
4/23/2009,2857.0701
4/24/2009,2923.26
4/27/2009,3021.51
4/28/2009,2918.3301
4/29/2009,2931.0901
4/30/2009,3048.9199
5/4/2009,3012.5901
5/5/2009,3048.23
5/6/2009,3091.3101
5/7/2009,3296.9399
5/8/2009,3316.8301
5/11/2009,3271.0701
5/12/2009,3159.27
5/13/2009,3054.9399
5/14/2009,2839.6299
5/15/2009,2942.9299
5/18/2009,3073.3201
5/19/2009,3166
5/20/2009,3211.01
5/21/2009,3084.95
5/22/2009,3159.3799
5/25/2009,3193.3799
5/26/2009,3097.76
5/27/2009,3144.1699
5/28/2009,3227.1899
5/29/2009,3341.53
6/1/2009,3454.1101
6/2/2009,3484.8501
6/3/2009,3483.21
6/4/2009,3507.76
6/5/2009,3544.54
6/9/2009,3514.5601
6/10/2009,3609.0701
6/11/2009,3657.53
6/12/2009,3651.6201
6/15/2009,3524.78
6/16/2009,3429.03
6/17/2009,3290.0701
6/18/2009,3376.6101
6/19/2009,3477.03
6/22/2009,3386.5801
6/23/2009,3377.6499
6/24/2009,3436.5701
6/25/2009,3361.55
6/26/2009,3408.1599
6/29/2009,3391.01
6/30/2009,3434.4299
7/1/2009,3435.5
7/2/2009,3433.8701
7/3/2009,3437.8201
7/6/2009,3394.53
7/7/2009,3423.3701
7/8/2009,3384.71
7/9/2009,3402.0601
7/10/2009,3341.6001
7/13/2009,3315.5901
7/14/2009,3338.27
7/15/2009,3415.6699
7/16/2009,3457.6699
7/17/2009,3441.24
7/20/2009,3579.78
7/21/2009,3639.9399
7/22/2009,3586.1599
7/23/2009,3656.98
7/24/2009,3741.73
7/27/2009,3854.8899
7/28/2009,3807.0701
7/29/2009,3783.04
7/30/2009,3986.8501
7/31/2009,3920.3
8/3/2009,4038.6799
8/4/2009,3978.47
8/5/2009,3994.4099
8/6/2009,4107.5898
8/7/2009,4141.5801
8/10/2009,4172.6099
8/11/2009,4162.7402
8/12/2009,4123.5898
8/13/2009,4197.2998
8/14/2009,4180.3901
8/17/2009,3972.5901
8/18/2009,4010.75
8/19/2009,3909.6599
8/20/2009,4043.22
8/21/2009,4146.8398
8/24/2009,4291.9502
8/25/2009,4335.98
8/26/2009,4360.3198
8/27/2009,4364.1699
8/28/2009,4346.04
8/31/2009,4249.2202
9/1/2009,4187.4199
9/2/2009,4043.22
9/3/2009,4095.6699
9/4/2009,4201.2798
9/7/2009,4349.6299
9/8/2009,4355.1299
9/9/2009,4343.4902
9/10/2009,4341.5601
9/11/2009,4376.7002
9/14/2009,4291.75
9/15/2009,4399.0098
9/16/2009,4400.2998
9/17/2009,4366.3701
9/18/2009,4343.3901
9/21/2009,4320.6802
9/22/2009,4429.1401
9/23/2009,4444.4902
9/24/2009,4433.73
9/25/2009,4394.73
9/28/2009,4394.4902
9/29/2009,4387.8501
9/30/2009,4397.3999
10/1/2009,4311.73
10/2/2009,4123.7998
10/5/2009,4229.4902
10/6/2009,4347.1802
10/7/2009,4436.3999
10/8/2009,4390.0098
10/9/2009,4369.04
10/12/2009,4404.6099
10/13/2009,4376.3198
10/14/2009,4582.79
10/15/2009,4566.9399
10/16/2009,4515.1802
10/19/2009,4648.5
10/20/2009,4669.54
10/21/2009,4639.7002
10/22/2009,4640.7202
10/23/2009,4676.0298
10/26/2009,4642.7798
10/27/2009,4522.1699
10/28/2009,4373.3799
10/29/2009,4469.5801
10/30/2009,4469.0601
11/2/2009,4468.2202
11/3/2009,4384.96
11/4/2009,4456.46
11/5/2009,4502.2402
11/6/2009,4474.6401
11/9/2009,4587.9102
11/10/2009,4643.8901
11/11/2009,4778.27
11/12/2009,4799.79
11/13/2009,4829.6802
11/16/2009,4836.3901
11/17/2009,4782.48
11/18/2009,4834.1699
11/19/2009,4831.98
11/20/2009,4844.8501
11/23/2009,4913.48
11/24/2009,4969.9902
11/25/2009,4969.5601
11/26/2009,4869.4102
11/27/2009,4817.9902
11/30/2009,4841.5801
12/2/2009,4903.98
12/3/2009,4872.3501
12/4/2009,4862.6699
12/7/2009,4642.6699
12/8/2009,4654.2202
12/9/2009,4576.2002
12/10/2009,4675.8398
12/11/2009,4700.6499
12/14/2009,4781.04
12/15/2009,4786.0698
12/16/2009,4906.9199
12/17/2009,4803.9199
12/18/2009,4821.27
12/21/2009,4751.7798
12/22/2009,4651.6499
12/23/2009,4661.3799
12/24/2009,4690.5698
1/4/2010,4751.0801
1/5/2010,4926.5498
1/6/2010,4950.4102
1/7/2010,4998.6001
1/8/2010,5078.0298
1/11/2010,5176.9502
1/12/2010,5119.0498
1/13/2010,5222.4102
1/14/2010,5170.8701
1/15/2010,5232.29
1/18/2010,5199.0298
1/19/2010,5137.5898
1/20/2010,5154.1499
1/21/2010,5097.6699
1/22/2010,5028.3999
1/25/2010,5061.6699
1/26/2010,4908.1099
1/27/2010,4955.1299
1/28/2010,5088.3398
1/29/2010,5065.4302
2/1/2010,5116.0698
2/2/2010,5127.5298
2/3/2010,5129.79
2/4/2010,5043.6001
2/5/2010,4906.5601
2/8/2010,4916.98
2/9/2010,5034.5801
2/10/2010,5112.2598
2/11/2010,5105.4302
2/12/2010,5117.6602
2/15/2010,5141.1299
2/16/2010,5158.6201
2/17/2010,5209.1099
2/18/2010,5227.73
2/19/2010,5264.5898
2/22/2010,5373.8301
2/23/2010,5360.3701
2/24/2010,5345.5098
2/25/2010,5317.2402
2/26/2010,5328.4502
3/1/2010,5359.3901
3/2/2010,5455.6401
3/3/2010,5467.6001
3/4/2010,5488.6401
3/5/2010,5513.9302
3/8/2010,5538.23
3/9/2010,5501.5298
3/10/2010,5541.23
3/11/2010,5548.9902
3/12/2010,5614.5098
3/15/2010,5725.9302
3/16/2010,5771.6802
3/17/2010,5882.4399
3/18/2010,5925.3101
3/19/2010,5898.4502
3/22/2010,5867.6802
3/23/2010,5983.3599
3/24/2010,5883.3999
3/25/2010,5998.6602
3/26/2010,6008.1001
3/29/2010,5932.9102
3/30/2010,5987.1699
3/31/2010,5965.3501
4/1/2010,6092.7202
4/2/2010,6099.3101
4/6/2010,6003.6699
4/7/2010,6132.5601
4/8/2010,6017.3799
4/9/2010,6109.3901
4/12/2010,6053.48
4/13/2010,5992.23
4/14/2010,6028.9302
4/15/2010,6056.7002
4/16/2010,6067.1899
4/19/2010,5945.6001
4/20/2010,5923.0498
4/21/2010,5908.8198
4/22/2010,5782.8101
4/23/2010,5875.48
4/26/2010,5842.6001
4/27/2010,5769.02
4/28/2010,5686.2202
4/29/2010,5711.6899
4/30/2010,5727.8501
5/3/2010,5647.46
5/4/2010,5416.8198
5/5/2010,5131.7202
5/6/2010,5130.6699
5/7/2010,4907.9502
5/10/2010,5454.8301
5/11/2010,5175.2202
5/12/2010,5289.2402
5/13/2010,5434.3999
5/14/2010,5338.3101
5/17/2010,4978.98
5/18/2010,5128.6299
5/19/2010,5112.1401
5/20/2010,5096.8701
5/21/2010,4903.5601
5/25/2010,4365.9902
5/26/2010,4781.3599
5/27/2010,4946.5498
5/28/2010,4975.46
5/31/2010,4935.0498
6/1/2010,4845.3501
6/2/2010,4894.3198
6/3/2010,5024.6401
6/4/2010,4864.02
6/7/2010,4799.3999
6/8/2010,4663.6699
6/9/2010,4755.6401
6/10/2010,4777.7402
6/11/2010,4738.6201
6/14/2010,4769.0601
6/15/2010,4963.7598
6/16/2010,5099.9902
6/17/2010,5218.6899
6/18/2010,5143.1499
6/21/2010,5245.4702
6/22/2010,5175.1001
6/23/2010,5192.5098
6/24/2010,5137.9502
6/25/2010,4889.0801
6/28/2010,4818.0898
6/29/2010,4642.46
6/30/2010,4743.8599
7/1/2010,4744.46
7/2/2010,4873.5601
7/5/2010,4856.5601
7/6/2010,4814.9199
7/7/2010,4793.96
7/8/2010,4813.9399
7/9/2010,4833.9502
7/12/2010,4720.1802
7/13/2010,4777.54
7/14/2010,4844.1401
7/15/2010,4868.5
7/16/2010,4890.6802
7/19/2010,4862.2798
7/20/2010,4826.5098
7/21/2010,4863.4302
7/22/2010,4869.52
7/23/2010,4904.4502
7/26/2010,4973.2402
7/27/2010,5172.6099
7/28/2010,5125.02
7/29/2010,5168.4502
7/30/2010,5074.0698
8/2/2010,5248.5601
8/3/2010,5241.3398
8/4/2010,5224.3599
8/5/2010,5254.7402
8/6/2010,5169.8101
8/9/2010,5220.7202
8/10/2010,5159.4902
8/11/2010,5099.6602
8/12/2010,5124.5098
8/13/2010,5135.6401
8/16/2010,5227.8501
8/17/2010,5285.27
8/18/2010,5233.3599
8/19/2010,5231.6001
8/20/2010,5235.6802
8/23/2010,5219.2598
8/24/2010,5119.73
8/25/2010,5091.2998
8/26/2010,5141.1201
8/27/2010,5195.1001
8/30/2010,5130.9702
8/31/2010,5072.9502
9/1/2010,5057.8101
9/2/2010,5107.5098
9/3/2010,5095.8599
9/6/2010,5134.7202
9/7/2010,5074.1602
9/8/2010,5055.7002
9/9/2010,5136.8501
9/10/2010,5163.6499
9/13/2010,5166.9199
9/14/2010,5207.4199
9/15/2010,5226.3101
9/16/2010,5247.8799
9/17/2010,5208.7598
9/20/2010,5164.8901
9/21/2010,5243.7402
9/22/2010,5208.3101
9/23/2010,5199.21
9/24/2010,5211.7002
9/27/2010,5260.2402
9/28/2010,5227.3999
9/29/2010,5217.6299
9/30/2010,5336.25
10/1/2010,5282.54
10/4/2010,5224.4302
10/5/2010,5214.5098
10/6/2010,5212.1802
10/7/2010,5210.6299
10/8/2010,5223.96
10/11/2010,5232.0298
10/12/2010,5222.2202
10/13/2010,5267.29
10/14/2010,5253.6201
10/15/2010,5293.1602
10/18/2010,5259.2202
10/19/2010,5240.6602
10/20/2010,5254.27
10/21/2010,5257.5801
10/22/2010,5246.6802
10/25/2010,5247.3501
10/26/2010,5218.6602
10/27/2010,5242.54
10/28/2010,5300.1201
10/29/2010,5282.4102
11/1/2010,5265.77
11/2/2010,5233.2598
11/3/2010,5225.52
11/4/2010,5197.8901
11/5/2010,5276.8198
11/8/2010,5160.52
11/9/2010,5221.8198
11/10/2010,5157.8999
11/11/2010,5169.8101
11/12/2010,5153.02
11/15/2010,5135.0298
11/16/2010,5139.8198
11/17/2010,5176.2598
11/18/2010,5185.27
11/19/2010,5148.21
11/22/2010,5078.6899
11/23/2010,5082.46
11/24/2010,5093.6099
11/25/2010,5064.3398
11/26/2010,5039.2402
11/29/2010,5052.52
11/30/2010,5093.9502
12/2/2010,5115.27
12/3/2010,5156.8701
12/6/2010,5099.4102
12/7/2010,5148.6001
12/8/2010,5168.9102
12/9/2010,5146.6401
12/10/2010,5174.0801
12/13/2010,5155.98
12/14/2010,5154.6802
12/15/2010,5146.3398
12/16/2010,5138.5098
12/17/2010,5149.98
12/20/2010,5133.9302
12/21/2010,5132.1099
12/22/2010,5141
12/23/2010,5186.9502
12/27/2010,5170.7998
12/28/2010,5199.4302
12/29/2010,5219.5801
12/30/2010,5268.6099
1/3/2011,5366.3799
1/4/2011,5421.6099
1/5/2011,5421.29
1/6/2011,5542.79
1/7/2011,5589.9102
1/10/2011,5626.23
1/11/2011,5688.5498
1/12/2011,5758.8398
1/13/2011,5784.5698
1/14/2011,5757.6899
1/17/2011,5784.02
1/18/2011,5825.2998
1/19/2011,5858.5601
1/20/2011,5808.0098
1/21/2011,5755.3398
1/24/2011,5766.23
1/25/2011,5773.3101
1/26/2011,5742.6802
1/27/2011,5750.6099
1/28/2011,5742.4399
1/31/2011,5672.6602
2/1/2011,5685.1499
2/2/2011,5748.3301
2/3/2011,5676.52
2/4/2011,5678.0601
2/7/2011,5716.1201
2/8/2011,5729.52
2/9/2011,5751.2598
2/10/2011,5703.5698
2/11/2011,5640.9702
2/14/2011,5656.4502
2/15/2011,5658.3999
2/16/2011,5594.5898
2/17/2011,5632.71
2/18/2011,5671.8799
2/21/2011,5642.3701
2/22/2011,5626.4199
2/23/2011,5721.8101
2/24/2011,5607.3198
2/25/2011,5691.8901
2/28/2011,5864.4302
3/1/2011,5792.6602
3/2/2011,5765.1299
3/3/2011,5850.0601
3/4/2011,5845.1602
3/7/2011,5847.9502
3/8/2011,5821.1099
3/9/2011,5866.4199
3/10/2011,5911.1299
3/11/2011,5804.54
3/14/2011,5820
3/15/2011,5657.2798
3/16/2011,5760.9902
3/17/2011,5812.4399
3/18/2011,5690.5098
3/21/2011,5820.8301
3/22/2011,5845.5898
3/23/2011,5837.71
3/24/2011,5893.5801
3/25/2011,6062.6699
3/28/2011,6001.5698
3/29/2011,5940.1201
3/30/2011,5949.5298
3/31/2011,5928.6401
4/1/2011,5957.7202
4/4/2011,5910.96
4/5/2011,5909.6299
4/6/2011,5951.4399
4/7/2011,6012.0698
4/8/2011,6068.3999
4/11/2011,5995.8101
4/12/2011,5943.9199
4/13/2011,5987.6099
4/14/2011,5945.8101
4/15/2011,5933.3301
4/18/2011,5900.04
4/19/2011,5876.6899
4/20/2011,5941.48
4/21/2011,5867.4502
4/22/2011,5917.3599
4/26/2011,5894.29
4/27/2011,5936.1802
4/28/2011,5978.3599
4/29/2011,5921.5298
5/2/2011,5873.9702
5/3/2011,5762.6401
5/4/2011,5780.6401
5/5/2011,5775.5298
5/6/2011,5797.6099
5/9/2011,5781.8799
5/10/2011,5734.52
5/11/2011,5667.3599
5/12/2011,5648.8101
5/13/2011,5719.3799
5/16/2011,5686.98
5/17/2011,5648.5298
5/18/2011,5632.5601
5/19/2011,5621.8198
5/20/2011,5624.54
5/23/2011,5534.7998
5/24/2011,5483.5098
5/25/2011,5418.5801
5/26/2011,5438.54
5/27/2011,5485.9502
5/30/2011,5464.1299
5/31/2011,5468.6602
6/1/2011,5578.7598
6/2/2011,5523.25
6/3/2011,5506.8999
6/6/2011,5564.5298
6/7/2011,5562.3398
6/8/2011,5571.9302
6/9/2011,5556.6602
6/10/2011,5545.9199
6/14/2011,5620.5801
6/15/2011,5593.8901
6/16/2011,5534.5
6/17/2011,5560.6499
6/20/2011,5546.8799
6/21/2011,5573.6699
6/22/2011,5575.0898
6/23/2011,5500.04
6/24/2011,5509.6401
6/27/2011,5410.02
6/28/2011,5451.7202
6/29/2011,5471.6201
6/30/2011,5508.7002
7/1/2011,5490.79
7/4/2011,5532.1802
7/5/2011,5629.0498
7/6/2011,5604.6299
7/7/2011,5616.6099
7/8/2011,5592.8701
7/11/2011,5526.5898
7/12/2011,5477.4502
7/13/2011,5455.5898
7/14/2011,5418.77
7/15/2011,5460.9399
7/18/2011,5365.5898
7/19/2011,5348.9502
7/20/2011,5351.2598
7/21/2011,5356.5
7/22/2011,5415.4302
7/25/2011,5412.46
7/26/2011,5391.3599
7/27/2011,5364.71
7/28/2011,5365.9102
7/29/2011,5345.0898
8/1/2011,5383.5098
8/2/2011,5297.77
8/3/2011,5204.5
8/4/2011,5129.8999
8/5/2011,4921.6802
8/8/2011,4508.71
8/9/2011,4419.7002
8/10/2011,4557.7002
8/11/2011,4473.23
8/12/2011,4678.71
8/16/2011,4703.5801
8/17/2011,4757.8701
8/18/2011,4591.73
8/19/2011,4487.5601
8/22/2011,4531.1201
8/23/2011,4557.4702
8/24/2011,4606.2002
8/25/2011,4643.9902
8/26/2011,4607.9199
8/29/2011,4720.7202
8/30/2011,4727.0601
8/31/2011,4804.3301
9/1/2011,4797.2998
9/2/2011,4717.5898
9/5/2011,4617.0298
9/6/2011,4588.5
9/7/2011,4730.6699
9/8/2011,4694.9199
9/9/2011,4656.6001
9/12/2011,4482.1602
9/13/2011,4438.6602
9/14/2011,4481.1201
9/15/2011,4510.3101
9/16/2011,4475.02
9/19/2011,4406.73
9/20/2011,4430.7798
9/21/2011,4460.6201
9/22/2011,4309.5801
9/23/2011,4216.5898
9/26/2011,4206.9502
9/27/2011,4352.1802
9/28/2011,4302.48
9/29/2011,4342.8101
9/30/2011,4327.1299
10/3/2011,4240.4702
10/4/2011,4191.8999
10/5/2011,4213.4102
10/6/2011,4280.4902
10/7/2011,4551.6099
10/10/2011,4470.4399
10/11/2011,4484.46
10/12/2011,4494.4302
10/13/2011,4442.5
10/14/2011,4476.52
10/17/2011,4519.5898
10/18/2011,4497.6699
10/19/2011,4526.6699
10/20/2011,4487.1299
10/21/2011,4549.4502
10/24/2011,4552.25
10/25/2011,4519.2598
10/26/2011,4517.1201
10/27/2011,4705.3101
10/28/2011,4664.6401
10/31/2011,4579.6201
11/1/2011,4488.1001
11/2/2011,4468.8901
11/3/2011,4475.3701
11/4/2011,4511.1001
11/7/2011,4553.1099
11/8/2011,4557.0298
11/9/2011,4535.4302
11/10/2011,4512.6499
11/11/2011,4554.8398
11/14/2011,4528.7402
11/15/2011,4507.7002
11/16/2011,4511.1099
11/17/2011,4479.5298
11/18/2011,4424.0498
11/21/2011,4377.04
11/22/2011,4347.23
11/23/2011,4275.6001
11/24/2011,4238.0601
11/25/2011,4241.5498
11/28/2011,4172.21
11/29/2011,4191.8599
11/30/2011,4245.3301
12/2/2011,4346.6401
12/5/2011,4405.7998
12/6/2011,4383.5
12/7/2011,4375.5801
12/8/2011,4363.52
12/9/2011,4359.48
12/12/2011,4310.7798
12/13/2011,4298.5898
12/14/2011,4276.48
12/15/2011,4324.1401
12/16/2011,4272.6699
12/19/2011,4283.1299
12/20/2011,4256.0698
12/21/2011,4302.7998
12/22/2011,4307.8198
12/23/2011,4319.5601
12/27/2011,4299.6899
12/28/2011,4263.9302
12/29/2011,4277.52
12/30/2011,4336.9502
1/4/2012,4342.9702
1/5/2012,4343.8101
1/6/2012,4379.5698
1/9/2012,4371.1299
1/10/2012,4371.1802
1/11/2012,4378.4502
1/12/2012,4376.5801
1/13/2012,4382.6001
1/16/2012,4385.6299
1/17/2012,4428.2998
1/18/2012,4407.7998
1/19/2012,4435.3501
1/20/2012,4454.3599
1/23/2012,4475.4102
1/24/2012,4504.8501
1/25/2012,4542.3101
1/26/2012,4679.79
1/27/2012,4768.1401
1/30/2012,4745.54
1/31/2012,4887.75
2/1/2012,4926.5098
2/2/2012,4929.6699
2/3/2012,5004.48
2/6/2012,4942.6099
2/7/2012,4960.1802
2/8/2012,5030.3701
2/9/2012,5092.1401
2/10/2012,5049.4302
2/13/2012,5096.6001
2/14/2012,5070.6299
2/15/2012,5015.5298
2/16/2012,5025.5298
2/17/2012,5035.7202
2/20/2012,5103.5098
2/21/2012,5106.48
2/22/2012,5174.8999
2/23/2012,5218.7202
2/24/2012,5245.8999
2/27/2012,5179.4702
2/28/2012,5200.27
2/29/2012,5273.1201
3/1/2012,5322.6299
3/2/2012,5359.6802
3/5/2012,5371.6299
3/6/2012,5345.8799
3/7/2012,5264.9302
3/8/2012,5310.7002
3/9/2012,5304.3101
3/12/2012,5123.5801
3/13/2012,5150.8701
3/14/2012,5220.48
3/15/2012,5238
3/16/2012,5265.0098
3/19/2012,5217.3701
3/20/2012,5191.8999
3/21/2012,5215.0601
3/22/2012,5175.8301
3/23/2012,5161.6299
3/26/2012,5228.1699
3/27/2012,5267
3/28/2012,5278.04
3/29/2012,5310.1499
3/30/2012,5372.48
4/2/2012,5367.9102
4/3/2012,5361.3999
4/4/2012,5349.0698
4/5/2012,5329.5698
4/6/2012,5313
4/9/2012,5241
4/10/2012,5208.5898
4/11/2012,5221.98
4/12/2012,5240.9302
4/13/2012,5290.0801
4/17/2012,5303.2598
4/18/2012,5301.75
4/19/2012,5260.5698
4/20/2012,5258.7798
4/23/2012,5222.3701
4/24/2012,5243.8599
4/25/2012,5282.5098
4/26/2012,5350.2798
4/27/2012,5331.5898
4/30/2012,5322.6401
5/2/2012,5304.1699
5/3/2012,5385.6699
5/4/2012,5370.5498
5/7/2012,5348.4902
5/8/2012,5373.21
5/9/2012,5268.2202
5/10/2012,5077.5698
5/11/2012,5026.1899
5/14/2012,4816.1001
5/15/2012,4751.52
5/16/2012,4720.7998
5/17/2012,4715.6899
5/18/2012,4653.5098
5/21/2012,4595.3101
